,AAA,BBB,CCC,DDD,EEE,FFF
2019-01-01,102.23181640828392,104.9176313436891,105.40081950567341,100.66840093036933,102.10461307637857,102.75228512181772
2019-01-02,102.62139784628904,105.00643305750944,105.2592697788208,99.70981731377803,100.16638090560122,104.15638041474314
2019-01-03,102.27163248623549,104.87594890205925,106.47815115103009,98.08971783984089,100.6729653522889,103.65812639825222
2019-01-04,101.13453065766208,104.11545173531746,106.191152565567,96.45787661380294,98.70636932444044,104.91107212356745
2019-01-07,100.56084692432314,106.77613164437383,104.39130338341332,95.62305442705264,101.32441914169813,104.14368414218077
2019-01-08,99.31623941608127,106.80896297338164,103.19089541052462,94.44444111419703,103.53561110719212,102.40868800338528
2019-01-09,99.39546782705857,105.2780403755217,103.36215060903402,95.07682836534889,105.00687897825847,103.17100589867223
2019-01-10,101.09203351276037,104.65198946017317,103.85064460703482,96.03961737563291,104.75245754625055,105.07748261771404
2019-01-11,100.47106625832723,105.66395166647176,103.76728329456385,95.74947056579771,104.00591966148625,106.29055710133743
2019-01-14,99.69267677979514,106.56847585975488,105.12838781201951,94.40313627383046,105.63891230792913,104.73524660630979
2019-01-15,100.31380614454719,106.40213145810978,106.49296251964145,95.36822951172138,105.90065584930163,105.97105556574614
2019-01-16,100.7698667728755,105.50741883356129,106.96850305906811,92.95702312222407,106.66794662629981,106.96866826656769
2019-01-17,100.90779180718778,105.56271829293519,107.04637183818068,90.7131508789536,105.72819224266595,106.45477232637896
2019-01-18,99.73573464943253,103.32102850603974,106.74735425595873,91.5516070829117,107.17221846044397,103.30188685891929
2019-01-21,99.70294136880862,101.61512670767992,107.532811076793,92.31454687136045,106.12028062808919,104.71302991885767
2019-01-22,100.5841668514176,102.69417090497275,108.82826689173393,93.45953904173835,106.28059763385058,105.97345363690053
2019-01-23,98.89899029496192,102.08046137287609,108.95375699449174,93.20464865973047,104.01383311681572,106.7300274005974
2019-01-24,98.33433903535114,102.5994186030227,109.61583874625252,91.72899476417041,103.17796211471641,104.544892728148
2019-01-25,96.01071718748716,104.25373989759922,109.21132918396634,91.13970556324757,103.84440391920117,102.71292888635404
2019-01-28,94.46721628946516,105.15725816194447,107.32802947529181,91.79568253345586,103.27379694177996,104.11401365533848
2019-01-29,92.30412750241923,105.20787729825744,106.02425516920033,90.90965934008538,102.71045926207438,105.25909425475307
2019-01-30,92.03479126956694,108.17155541423244,107.09373981793615,90.10554516141441,103.74616974429406,106.00771982776054
2019-01-31,90.58041587486429,109.1345801008162,107.74045296916428,88.52950392191696,103.66411241019333,105.77781757705611
2019-02-01,90.89412081435995,108.65788944408524,109.96353595258869,87.23548354474832,105.30529328313573,106.3969377027298
2019-02-04,91.07741709778932,109.71671113516592,110.0840849213742,88.17098631171173,102.17124557383663,105.77519601933993
2019-02-05,90.86677803256867,110.32154581435132,111.33331014718954,88.67938363867395,102.91412762047794,105.45895660741779
2019-02-06,88.03425030816669,109.12857236294653,113.24864861169219,87.38566986744897,103.58222905979967,104.41659172760455
2019-02-07,87.44226410670903,109.25516814199013,114.72105978323557,86.19941974739893,101.60496571324344,104.84968192729698
2019-02-08,87.39231632172272,109.04529650456172,113.88914156227096,85.58846709478777,99.97318431431178,104.39755886467901
2019-02-11,87.52063607694174,106.32585477150747,113.66881751519439,86.1840001346205,101.09085679054732,105.74549876981567
2019-02-12,85.85298789168566,106.11141293994088,113.89910157541038,84.91920053347685,99.75557572524035,106.80058753800489
2019-02-13,85.34116657517424,105.74567731428789,112.53689162844724,84.73820917520392,98.9711211477664,105.81613813412586
2019-02-14,84.29886898350894,105.1695389203033,113.2554012050733,82.4694398338192,99.72574806563775,108.37795166212115
2019-02-15,83.4475039993378,102.9745811781361,114.77060387963428,81.16801501788017,99.31972783556537,106.96202890986135
2019-02-18,84.57371224574833,102.52455187771608,114.12177429437399,81.60128246902154,99.92431035258707,107.66541425834485
2019-02-19,83.72094543284973,102.4938224621469,117.03895286964644,82.53364936732437,98.84998923349603,109.23719692180516
2019-02-20,83.68997002522039,102.65122873403187,116.65640692608788,81.33494967036623,99.22704171946765,111.10777752024909
2019-02-21,84.63103856400916,101.17422701963066,116.40375335076624,80.54287551610571,100.5916304924826,108.17333512125089
2019-02-22,84.01438999462559,102.0283200502088,116.09997085567493,81.36020239461769,101.01055531839866,109.64042073364917
2019-02-25,83.89956795086815,100.45605104285875,115.11332605194733,80.9596532500903,98.27467355157012,111.43324137428988
2019-02-26,84.01974777868338,100.18679240372008,115.76595155933204,80.40714824194545,99.08834146065287,113.56729053684201
2019-02-27,84.09062793052425,101.91651159863316,115.84020347902656,80.93707948913783,99.16782982963377,110.54009126850657
2019-02-28,82.80600236195787,101.02832781942473,118.33645633471028,81.13831726994,98.05413291906603,109.70490656345231
2019-03-01,82.88876351664376,100.38379976057284,119.29174922545536,82.288180265837,99.78987024638344,109.66892147294466
2019-03-04,84.3233453805387,101.81078740303758,120.14932047580791,83.11960956930359,97.63732131338908,109.15589326411202
2019-03-05,82.69889584395328,101.32745774178532,119.86104109472535,82.51677755002126,99.96716828585909,111.11184535935871
2019-03-06,83.60247603512883,100.96014600936184,117.79011006443203,82.39342652869492,99.18334121693695,110.26856497195448
2019-03-07,83.73160788273553,101.27145460790561,117.70312499707488,82.33169396754377,101.16808888882802,112.08694733596602
2019-03-08,83.06093162606709,102.67880011474105,116.49423441863105,80.93207078577541,101.1181426508426,112.98382770633629
2019-03-11,85.18428909229293,99.81199348917933,117.94551359982155,79.94243380804959,99.45074512140162,111.03791656889832
2019-03-12,86.009716181374,98.76851585328093,117.94614396855687,80.93240373937115,99.57556803293839,109.76154494175957
2019-03-13,84.72327280042245,97.50995647235047,120.494413329358,79.32475369775213,99.99702933945628,109.21533826967845
2019-03-14,84.80621499209272,96.17106050213194,121.66316911131864,80.33050474361126,100.685045094926,109.44819866077289
2019-03-15,85.42801730452891,95.1337446035812,122.99847660022603,80.62244520538322,102.0401980591224,110.92592256077737
2019-03-18,85.22845609473877,94.12686845949563,123.40441215397884,80.48243533320662,100.90406204033332,110.77241085468468
2019-03-19,85.96832487280219,94.51452992776812,123.77739849371252,81.03389659370066,101.53505389367491,112.14963524053046
2019-03-20,85.89971885523916,93.45463537993723,124.84889078444844,81.52531989148696,102.48371270943957,110.04923679881878
2019-03-21,86.62831868235075,93.62267742766291,126.3577987892909,82.78337152641404,102.14065903140815,105.99991954189669
2019-03-22,88.21615692544738,94.1293906541678,125.28035935993438,82.36726923940816,100.95342292985443,105.64725905066946
2019-03-25,87.4718711974086,93.26641111933964,126.10881471945622,82.13176358896187,99.75506500611407,106.35619572450521
2019-03-26,87.6995052628712,93.44387611168881,130.3934772384857,81.8789466426526,100.7028518544851,105.97002569627271
2019-03-27,87.19254323142064,95.46026051039468,130.29687853114692,83.85373134505237,101.72273777274923,104.72624025410927
2019-03-28,87.3359282696643,95.87858154364824,129.92857446895962,84.86498892531048,100.6754019975602,105.3810819380141
2019-03-29,86.04275854402577,95.11342565152503,128.8500673858268,83.88173510116016,99.0035883895939,108.07751026579294
2019-04-01,85.42045000273468,95.05411285369621,126.56906849521623,83.53165151329006,100.55912161497874,108.03535877874879
2019-04-02,85.21294672376115,93.95760456482729,128.52913435411796,82.7926289996882,98.62327117858477,107.14943145261164
2019-04-03,86.18674729091124,94.30644557661444,128.6779261737124,82.81008910567516,98.82527729935376,106.11098649298854
2019-04-04,87.44277205637391,95.38121382306906,129.21483773674757,83.03784208944977,97.83610222624532,108.8714464645299
2019-04-05,86.0001762326722,94.39978719805596,132.30475928347812,85.48415761943382,95.70966270479919,108.91552528562211
2019-04-08,85.14685530932321,94.16585718727792,136.60721248595414,83.53785834446512,95.86281423443538,109.85902388869853
2019-04-09,85.84706290494871,95.54530528727807,135.13901756479433,84.6351665426957,95.63824988380587,111.66253927023666
2019-04-10,83.72226298124727,94.95551358315599,136.9997478920665,85.10785297841308,97.38437047303266,113.29161391541311
2019-04-11,83.23843649974314,95.20600843418276,138.1344779029207,84.3603286314565,100.20292348364572,112.08553959953352
2019-04-12,83.13977277628621,93.97956171887658,138.88565486276826,84.20564540492849,99.97059483974257,113.54734367310012
2019-04-15,84.47028227480098,93.01391503349583,139.78241291593773,83.68461372264328,101.2683614203894,114.86573409178348
2019-04-16,85.21054030831608,92.42230775277758,139.7988435541922,83.74285828966866,102.60800721122651,115.6814686790722
2019-04-17,84.86335032960612,95.01185907154607,142.68533192240602,84.82089785290044,101.94052892013569,117.26931192444074
2019-04-18,84.4735428034156,94.54372770256424,143.85410953429428,83.21431344191733,100.84201716436893,116.5493073493422
2019-04-19,84.21102906587107,93.93470266152927,144.54063960277907,84.61301505743562,102.90289125225807,116.54653376971221
2019-04-22,85.84645108835021,93.29053003658875,146.8910073561449,84.22065179436694,102.43621061250637,115.88434232359418
2019-04-23,85.38814920866817,93.11604348415175,148.622136048759,85.84189027880329,102.40672257230744,117.10361826443499
2019-04-24,85.06545273903875,93.90885865652763,149.549377276312,86.29698315322374,102.03706248610457,116.25008156443627
2019-04-25,85.44756215224523,94.1534938650266,150.23000911074126,87.65992818958313,101.870171828383,116.93426874276714
2019-04-26,85.32103271784489,96.64714616124235,153.6551551317251,88.29691243439402,101.10488958871683,115.43888753021416
2019-04-29,85.11260397963242,96.92858984486533,154.71026875968045,89.52456781923955,102.06176977122375,115.36683716456724
2019-04-30,83.92964499678911,98.73350818874027,154.60084983496904,89.59698274935967,103.68509124680854,114.94699395103406
2019-05-01,83.9207930419359,99.09955017625063,153.00517463995345,88.669430094263,103.20441170928498,114.88650442250054
2019-05-02,83.45641324078466,99.87993330713829,152.40811113478446,89.43512529631884,101.43707551408816,115.18411459229702
2019-05-03,84.69495273739494,98.10079138989704,150.46959582732558,90.25168814673498,101.50474423277748,115.02252927065938
2019-05-06,85.39809845997023,97.96486763243388,150.73774958298543,92.68716500630364,99.63237722165383,114.80967470632214
2019-05-07,85.37551378713478,97.90078292371373,151.29084258289154,90.380446800321,98.83981578455854,111.95596434754005
2019-05-08,86.10089685306355,97.62248654665561,147.4946182557295,90.16590254387481,100.37995431628504,113.62954694640857
2019-05-09,85.73640716581521,95.03055071240779,147.59124847400062,91.39430517822416,103.34743387621053,112.8437245735706
2019-05-10,86.88390351674443,96.1113617521801,148.86633080949807,89.9699092295328,103.83916721899469,112.59902771258102
2019-05-13,86.88144078131631,95.66420427312224,149.24220290525085,89.72301030566206,102.46480181419314,111.5332007510659
2019-05-14,87.52583867975228,95.15805950304465,147.52032817472542,92.1671341143413,103.47512931148925,113.04928100834724
2019-05-15,86.11727286730702,94.87295879195695,149.96071001251218,93.84363881402906,100.60452042256824,111.87065435273861
2019-05-16,86.4976672997385,94.62100379157131,148.7135458422482,92.81961116137118,99.73527448793367,112.68653172495915
2019-05-17,84.68070365666665,95.12794001135042,146.49156601492967,94.52011574408591,101.66167681348622,114.47630783396241
2019-05-20,82.5401386377516,93.63680360123195,144.57133266201737,95.95814299013851,102.6191070391065,116.98105142142627
2019-05-21,82.22738014751937,92.56469129577228,144.60572254840744,96.91919178387346,100.86158683905741,118.85386340950934
2019-05-22,81.30357583739118,92.92416092057401,146.46909572184535,97.40164556841998,98.78317782387451,119.89461737834311
2019-05-23,81.4750266905273,93.11470713987791,148.69815995966397,97.71048852804175,99.85117344331968,118.20775960399915
2019-05-24,83.81546273973733,92.693747765624,149.15397110372004,96.65883827772016,99.79477864682919,120.25550851940807
2019-05-27,82.94506037547005,92.04565403303398,146.98900010887695,96.04633353268657,99.05804843522897,122.1815097647882
2019-05-28,82.29885521526516,91.1025883512182,145.83829033736512,96.95539129640309,99.57467723029902,123.59278163760492
2019-05-29,82.51538218603454,91.05514352716018,144.25775023659494,97.1445739082073,98.8636105194169,124.96566477455092
2019-05-30,83.03280684301335,92.43959576291955,143.99325193553088,99.45672410563613,96.51326897868029,125.20477893483165
2019-05-31,82.85175842806392,91.23508359561733,140.86831537082318,99.05631122271366,97.49966068270027,124.51449559198514
2019-06-03,82.64035926341245,93.02290943181933,141.12343413377403,96.11724111726278,96.71383148213246,126.34114706059027
2019-06-04,83.37829769581055,94.03746375932792,142.33301805264227,95.73030210224776,95.50821413554627,128.50586544406158
2019-06-05,83.9295670068197,93.52237687616143,142.1237238506116,96.08419133835598,93.92778420083314,126.96165408421858
2019-06-06,82.8469185673464,94.46985929277328,143.00789843588257,96.567570068997,94.225586810825,128.55611564601358
2019-06-07,82.76759681349421,92.76101670966516,141.383778648572,96.66885903615228,93.28258720197107,129.0825213431663
2019-06-10,82.80768714600026,90.77872617852745,138.8719838217961,95.68940935788132,94.01845581031714,130.66031890974492
2019-06-11,81.71808386149472,89.33465813996908,137.81722710123358,97.53105697337077,93.70688067334353,131.24453797990893
2019-06-12,81.9892933276952,88.8937189590221,139.89713779321593,96.73671193723986,94.98814700985017,133.22638614719997
2019-06-13,81.11104295398758,88.54899304898194,141.7811241292496,97.62860173477821,94.53223276282932,135.09266089404673
2019-06-14,82.1137670220651,87.9950087322691,141.0238180913309,97.29578281560833,93.76367921983692,136.74872272735064
2019-06-17,82.3166784282709,88.1241827908315,143.2361350248023,95.85730398061655,91.48005951348601,134.54180128513258
2019-06-18,82.4126199318829,85.80359134542451,142.70796799024342,97.60327103490003,90.23176205907873,136.08402118256978
2019-06-19,81.80447959714857,86.3592537465403,145.51033441332996,94.58246716486643,91.05321736287452,136.3140632153359
2019-06-20,81.6855683378317,84.84692440772623,146.4561032422942,93.59289040863533,94.61158180343793,134.54476245123982
2019-06-21,79.65842365761578,84.16145979470043,145.68246145843048,94.12656090899662,93.14187052076245,135.89054878130563
2019-06-24,78.5341119425088,83.74277958335644,147.20794077220893,93.72596161550335,91.94141923199555,133.72347116001617
2019-06-25,78.897071594784,82.54943730863293,145.83597248809338,94.63984097912423,92.33501472669901,135.38106190971973
2019-06-26,76.81242187918598,81.15319522117495,144.1837260101399,94.54372059036358,92.8925504630516,138.440140192079
2019-06-27,77.63918938990902,80.14820759011118,141.62772619595452,94.02838377651658,92.11094368120433,137.72285685057446
2019-06-28,75.95288792568162,80.15334220453663,142.14514999057738,96.65053584067046,92.20540095568803,139.47552665275575
2019-07-01,76.68352933173504,80.76865362349325,142.10523382723184,96.40764498481991,90.3693505093018,140.42426575124534
2019-07-02,75.87402240901885,81.36229186844375,142.02246077268654,96.24096928792355,90.03612165173895,141.73380686646559
2019-07-03,76.62538454393498,80.3664497284123,141.3459536043358,94.96109687242716,91.06216038182359,139.5130115123964
2019-07-04,76.75495352601564,79.58599603925165,143.9858441172487,94.09533176146762,92.95064132317447,140.74319226951224
2019-07-05,75.28608380523276,78.68510891690663,143.2751554625314,94.89489401765722,92.75949171849686,141.14232691508568
2019-07-08,76.48332821132765,79.1492501446291,142.0304816858973,95.59846921761414,92.46250675787871,142.62075109197613
2019-07-09,77.88834062216617,77.15994819578265,144.3340092959233,95.62777830023359,92.9925043704436,142.8033043088742
2019-07-10,77.82688127950607,78.39000332099953,146.9989588188257,94.8146331957806,94.2961274764942,144.94550340856887
2019-07-11,77.56183980356583,77.92935638797043,147.68529315327726,95.6665084907172,94.878089314733,145.61651388553722
2019-07-12,77.4088487671071,77.18039926631263,144.53912199565207,93.66199044436577,93.99373813980118,147.03483694210794
2019-07-15,76.4666744104905,77.52779605494081,143.50694797510636,93.28787805027488,94.41926864813027,149.75313904997938
2019-07-16,77.53547643167164,78.5598373598259,144.6756289414322,93.02035890608079,95.5762908740868,150.27685526301784
2019-07-17,77.01001506214965,78.91655456022629,144.76422417898922,92.06266264376676,94.73083283622377,152.34083410213532
2019-07-18,76.96341838836254,79.987361585421,147.6839887235833,92.26984563961823,93.16234727137274,152.96206773429063
2019-07-19,76.20105520309305,80.14004684147804,145.21888620117417,91.52656688525576,93.76374075272757,154.15306749327112
2019-07-22,75.60536250728939,81.4086852460451,146.52233145864466,90.63486202894805,94.20015058887903,153.33373232448395
2019-07-23,74.40097689479211,82.71357973387647,145.42592673522768,92.74900022414943,95.35360041854818,155.01814978395723
2019-07-24,75.59168869829796,82.62768253978481,147.92782802503106,93.65237792817437,95.46513358079002,157.60597945925934
2019-07-25,75.44807723162822,84.15760910261375,147.84538185336166,95.11318552007106,94.70280034425804,157.64457336844666
2019-07-26,76.37488043114986,84.35052853114699,149.83591807903704,95.20979431320829,94.19128604563083,159.41481219696982
2019-07-29,76.39073419309175,84.46101882890218,148.67632165782732,96.41051753638014,92.99050489389467,160.47311048597294
2019-07-30,75.72833743598288,83.50403224049857,146.11624129273483,97.4014972321196,91.89973498737375,158.4819950074455
2019-07-31,75.42028451143285,83.21860333592221,144.14242238389517,98.94092830035463,91.26193942938835,159.38493129178332
2019-08-01,74.89279559626122,84.05588103619078,143.1004819609694,101.97911379713908,90.71724868758155,162.23331632535044
2019-08-02,74.90327815801226,82.69493190192347,141.31967252089512,101.72972603523348,91.99999113260284,161.4650694749009
2019-08-05,74.55293585525668,83.39239316483645,143.52909758674647,102.10480957327384,90.60350094351203,158.13164399004702
2019-08-06,74.27470469845605,83.77742082959358,146.02755844064978,102.08172228211902,90.55671206698764,158.74176774448745
2019-08-07,72.99870634043668,84.08891583670253,146.58776264524585,97.70029171577372,89.89831983234795,157.68415385793602
2019-08-08,72.26327874566233,81.80103185737318,144.7464465188995,96.03778017130881,91.59876095038045,161.65994754490535
2019-08-09,73.787913747663,81.71220715715683,144.5869598243655,96.10310369889189,91.90884526639803,161.79113184823171
2019-08-12,73.16944287500279,82.39996393500087,143.39850972848262,96.91694318133729,91.48877345087864,161.99582569307876
2019-08-13,72.20701745602595,81.6291930541835,146.10653404349597,96.26023330805509,92.4370699690056,160.9492897148508
2019-08-14,72.5174215847632,81.73963389140495,146.74632911846476,97.69263927570314,92.52416648949672,161.66431276270578
2019-08-15,73.81754765386646,79.34396414887944,147.71144187903275,99.33259918379714,91.98405321930596,160.75077267667515
2019-08-16,72.48047205854436,80.03511059160702,147.02667140778973,98.86391351331092,93.78114060608347,159.17381112786606
2019-08-19,72.29317517957884,79.3869373388285,143.40354185705507,100.70252148959759,94.63124656070762,159.26379705764026
2019-08-20,71.72262851253673,80.2804547883919,142.07230757704153,103.00026798509597,96.71601991924211,157.88285476938697
2019-08-21,70.15164249606528,78.45486959646513,140.1420823745291,103.65601297382536,98.14048094709605,160.70038506915256
2019-08-22,70.80701722124866,79.1590868259738,140.85210553995842,102.43348354843883,99.11121939935973,158.60733862380212
2019-08-23,70.78891537989973,78.94005098839511,141.07838036728268,104.39930626336681,99.28874840941933,158.67686835551288
2019-08-26,70.85547160599083,79.76444496265425,139.7150455281083,104.23771059849724,97.96220500802795,157.5415935946067
2019-08-27,70.18984483410824,78.85646427483913,139.08674959782445,103.79697912049694,98.85072278122351,155.08072656095777
2019-08-28,70.59597026760706,78.26118445777514,141.91417552693105,104.0040530566981,98.95506767685437,158.52019209330467
2019-08-29,70.12071375823294,80.52102002388912,140.2637781643154,103.35683896882877,99.81115194906772,154.65764965407712
2019-08-30,69.99735883723268,79.7005223816217,138.704883058623,104.8192151540971,99.8164837232988,157.67922834020527
2019-09-02,69.02953244225125,79.01165072504168,138.36022068872117,105.9083186988387,98.97359109969409,155.15843294366522
2019-09-03,67.98265827936663,78.7536793649609,137.20019967162614,107.60655769060934,97.75006101756047,155.54221690914514
2019-09-04,69.13896395801612,77.76226248139031,136.51416068934049,108.45733984283572,98.6267572660252,160.1746461097971
2019-09-05,68.70137499260126,78.95427495571538,137.48473101239324,107.43742223542864,100.25295991115479,156.22591847118403
2019-09-06,68.95704145418608,80.7062724292836,140.57283113245097,107.28199847917107,99.90958123596042,153.8055880693581
2019-09-09,68.93042662759231,80.01064438428007,137.50978779103252,108.53287328050024,100.4977257527518,156.53269514363404
2019-09-10,68.55110061755934,78.30629572285103,137.53165794158613,108.0387129937833,102.27282970568233,157.08092163749444
2019-09-11,68.11649747086601,79.48813909428014,137.65700157978833,112.150454126188,101.22816592963409,156.23567272168776
2019-09-12,68.66210284253499,80.6232049205983,137.5650008853342,111.87163312461524,100.81658377681089,156.38590258820955
2019-09-13,68.40417923292807,81.47960380108498,137.29447224543028,111.11078445300744,99.43222376812224,154.74244667574084
2019-09-16,68.2764970970939,82.69322607238848,136.76015194082134,112.79432953925203,100.9305100678119,155.1870514342911
2019-09-17,68.2983250206821,81.81185696258385,138.5552558058331,113.92612019831967,101.282421350163,158.2934327284941
2019-09-18,69.32097545628648,81.65586225869585,137.79924926474138,113.95023647606375,100.71874946593728,157.7610307624623
2019-09-19,69.9206376820322,80.26147625344308,137.63190542902493,113.68421021333977,98.67242684740509,158.24716245304438
2019-09-20,70.2612785651418,78.85706197610335,137.68524218336736,114.36115246187006,98.47085828641514,160.83516142064286
2019-09-23,69.76693554070997,79.85495063213219,137.92546522901773,115.63650128284786,99.7293352227461,165.05692092038726
2019-09-24,68.56544618608494,79.19877616181004,137.6824077622573,116.81885024921142,99.3821306720682,164.08521509853273
2019-09-25,69.393370924875,81.52380263303415,139.48092365905637,116.4413077447839,98.87710393605505,164.91951485678428
2019-09-26,70.24626328090402,81.6175164823411,139.5199204889993,117.14265165136146,99.69534813908739,163.99986440682943
2019-09-27,70.1246265550489,80.97897824596329,139.88060540059877,118.46158403164365,98.1906765832643,162.9208530900371
2019-09-30,70.6078138147472,81.81464710646632,139.84433068340408,119.67622046065108,98.27708550914778,162.3381089813262
2019-10-01,71.30922880116603,83.71049399043477,138.14195961353346,115.17690393109437,99.03827451197303,161.2940228507113
2019-10-02,72.06275795131508,84.24281687695903,136.75816320037876,113.956462518342,98.09972194064194,158.0980560889848
2019-10-03,72.90705427125846,82.97862163216759,135.0134194049362,112.91157314264231,97.10984800670603,154.47016205126934
2019-10-04,72.49262557218435,83.38525420068711,135.39415746371142,112.64785657789854,97.43464159221091,153.29093787242573
2019-10-07,73.89250400318443,84.86117430657157,134.23472228237216,112.96594579653303,97.33689331165684,153.74989606294517
2019-10-08,72.74393062553565,84.3535345683953,132.50317200647856,114.349423959238,97.07360396392242,156.28496767924307
2019-10-09,73.54090982039955,83.55323928733353,132.9529526333914,115.30773120063881,97.34949765215329,155.47615913753248
2019-10-10,74.00291537423735,84.64824285703314,133.8873792021683,115.1883387378969,97.64503673038901,155.3662851800293
2019-10-11,74.82490156328822,84.81581848251935,131.00084469905838,115.28687353250986,96.5450414626498,156.85166835442158
2019-10-14,76.62042607976959,83.66373625401536,133.87152036837608,117.93691876905136,95.76752197632959,158.5065844791858
2019-10-15,78.0699826408936,83.28225932826959,133.9780699858056,117.09590359149682,96.33140455253498,158.4975897161308
2019-10-16,76.95473927786898,82.51081589039384,133.85271244575833,117.6122248885711,97.71753827689494,158.60874561855417
2019-10-17,75.33778997793206,82.83712301364724,135.71661893864783,120.02258224644483,99.41273186596294,162.53859128503728
2019-10-18,76.12017832822727,82.96945161208717,135.8888768644431,120.6147567360547,98.39154058357434,162.0890006936273
2019-10-21,75.15593686371074,84.19883147994248,134.91142486187357,117.61531432443522,99.77409236706394,161.33084737414634
2019-10-22,75.1471733907959,84.97323020109522,138.74758928268756,118.23880931863962,100.75245781722006,158.34045969366855
2019-10-23,75.94943249383371,83.33360398877295,136.93538225104456,117.72950492905596,100.74231313872858,159.40536089441392
2019-10-24,74.39565499028626,83.77995358373491,136.8202654732078,117.62813063075409,101.38768081503746,159.10348759616897
2019-10-25,72.44690632228748,84.75021916360267,138.34224804298245,119.26324962872167,102.47407494847967,163.11815825111304
2019-10-28,72.68685161846899,85.25665322983009,136.54350689982374,120.03847290010948,104.8202402084839,162.66634047191943
2019-10-29,72.73039624386368,86.38879453010757,136.42114466666334,119.70725022357139,103.47718592374376,164.52745574571125
2019-10-30,72.50838839943349,85.8110890280924,137.14049371270005,121.12837533200292,104.2885413634173,166.6586417593405
2019-10-31,72.54647798813959,84.80743124728218,141.40847712988375,121.86311646397105,104.13805149753775,170.3121639506995
2019-11-01,71.76706291976814,85.82542044571787,139.88118794679892,122.09342894134878,103.90081802987577,167.80911399285495
2019-11-04,70.41435033898458,84.6991808836516,139.85159345147298,122.62640783376744,105.43326401753849,171.31299488544437
2019-11-05,70.26944810204371,82.44344977321897,141.0718919268493,123.08742027819554,106.55005977790343,171.57388524133705
2019-11-06,69.41718192029454,83.53322457652165,141.27093856054088,122.63110793046302,105.24033039463446,171.58599556071428
2019-11-07,67.99731228094534,82.79228370587424,139.20031824848482,121.99256518437875,104.9018519441288,171.1628469041778
2019-11-08,68.43462050478747,82.49132028389887,139.9723446302195,122.10002641225874,105.23408816292451,170.56267302584132
2019-11-11,68.38441698672108,81.06850034745419,140.21665408209927,120.70888553523106,103.42677094189928,170.07114332035837
2019-11-12,68.73829293868066,79.7429780642482,141.06095048776763,118.87645866201477,104.58261782044264,165.472426821344
2019-11-13,67.88955376309299,78.60625877246042,143.14184934227117,120.90900296949404,104.5190822580494,166.74276914072766
2019-11-14,67.33169632343066,78.2666705646174,145.03717014040632,120.6123724841214,104.76593491548186,167.09797692778773
2019-11-15,66.49215826661028,78.64921786847064,145.840895013814,120.64386759518462,105.24075800906486,165.37509765303943
2019-11-18,65.75614093260671,76.42136246756212,146.4696404090785,120.50666469218372,107.67771669165364,165.4693658062144
2019-11-19,65.92084181726771,77.16554487564443,144.51273286747278,120.61014916215971,107.76309138714312,170.45418599043978
2019-11-20,65.27634930165361,76.04121957793035,144.32450938498292,120.71266588044847,107.32002471124925,171.48708913425799
2019-11-21,65.57243972424476,75.04257179663614,144.78197377069722,120.87984652534897,109.71225505646889,170.90102991401028
2019-11-22,65.85633890610174,75.70241311795982,144.1083652899881,119.72760173610072,109.0650920649501,174.7768208838749
2019-11-25,67.5609395728802,75.64747209410507,144.34181420165297,121.21005802747109,108.390494754243,173.3062940569983
2019-11-26,66.38838981615854,74.21312812050647,142.90427947039638,120.22547944001515,106.56774360766516,173.21262395835254
2019-11-27,67.1378783083361,75.97429295821651,145.75026105183684,121.87196748126361,108.05219958215972,172.269564718298
2019-11-28,67.06488812797411,75.17107418668259,149.81439401081565,119.02811781407623,108.45751610522422,172.00048753490353
2019-11-29,67.05569580859172,75.42182421950734,149.13892039438375,117.51303727305901,109.13536791102,173.79074150520216
2019-12-02,65.84455060887193,75.62820884087712,149.9513870501864,119.05818937537846,109.4004229986662,175.27331825356222
2019-12-03,65.4664930740328,77.00148312394425,149.56781686171016,118.90315488798606,109.25506034638146,173.93767498592686
2019-12-04,66.08498356867119,76.57710035126163,152.025665273513,117.96863211934127,108.22933058538699,173.89514012349525
2019-12-05,66.01896810696482,77.57250930950273,152.92057847131176,118.59436764727863,107.2195306534854,174.3117202627144
2019-12-06,66.08904292020311,76.86729237038092,153.1291818803165,117.10841181096107,107.83773149180152,173.67056160794436
2019-12-09,65.85003531977826,77.97842919967162,152.75768245363102,117.28795801688176,108.04377728691706,173.8254087103613
2019-12-10,66.8175558826812,77.24898856279863,153.0601276221699,114.12419419748836,110.30461703840754,172.52130771643962
2019-12-11,66.80213307223472,76.91375296090483,151.20193176349648,113.53958673223066,109.3048014458355,171.19742243203126
2019-12-12,64.97821521119855,78.78998710677944,152.55360434273788,112.67727637399807,108.68342641403463,171.51952207935497
2019-12-13,64.41667003582792,79.12221413608957,151.24627020014142,113.50986929757649,107.34952455208239,169.58225076869851
2019-12-16,62.840993792236326,79.2486826767622,152.3281695781374,114.83392573359085,109.25089678920698,170.68253168420844
2019-12-17,60.321164981782694,81.53661977420589,152.63650982381253,113.6682552261296,107.62544760778991,170.5027588682327
2019-12-18,59.92201062388811,81.92622880281135,154.81691382778715,116.06124575585694,108.70675737141447,168.80652784508635
2019-12-19,60.93970003163967,81.10552752670723,154.8439780942135,115.2637068357646,110.7150802836702,167.76226949091975
2019-12-20,60.9783076568588,81.87722296029666,156.91376529094936,112.37976490604294,110.56408100063273,166.99985101683274
2019-12-23,60.086499594674805,80.6845695788818,155.1612231250818,109.12192949742577,111.61038809301273,166.89134484581828
2019-12-24,59.38093184648595,81.85726728384616,156.41799767319839,111.32105933917647,108.73231574333046,167.3444120112014
2019-12-25,60.23522008463965,83.12830561934369,156.03766715176783,111.26103282073234,108.25177187419303,167.13539703385942
2019-12-26,60.357355680715955,82.54808265407891,156.4807874691352,110.4195286250256,106.0790169009701,165.58108162328128
2019-12-27,60.39626347000663,81.91518720380911,156.6832241748384,109.44562691928205,106.3480768192872,168.73545380302068
2019-12-30,60.357992058990426,82.11514256983364,158.60409601043472,108.01074641079336,106.40183206385358,170.8414976761965
2019-12-31,60.38959655387228,82.14738926437454,154.67950985570363,109.92856680904367,105.4288582316099,171.29694987491698
2020-01-01,61.007919738402066,81.15911767121057,155.3708180404571,109.87434857266386,106.71935776429002,173.53262794579743
2020-01-02,61.4365579082263,81.75959423030588,152.53203049890666,112.44401146728097,107.23575119700769,174.45649931510533
2020-01-03,61.60619107516895,79.70021102263352,154.92915716684303,112.22566562638404,106.58157836200864,174.13085051428303
2020-01-06,60.8044602824095,79.28373517725171,151.18475360696561,109.01269089522874,105.9455228467537,174.53958947086758
2020-01-07,61.19969426862696,78.89817606743037,149.34290681857325,110.24075604367519,104.0649140536477,180.5651716943126
2020-01-08,60.67678520292234,78.64386116975008,146.28328405907044,109.79240223578607,103.8666744582263,183.01080200551098
2020-01-09,61.521211405357455,78.96577391757106,149.39388866847753,109.52665281503859,106.68830354182624,185.6009666909033
2020-01-10,60.54627590534934,77.77011056882323,147.04452028457666,111.77380208131231,105.79110809756514,184.94601328693872
2020-01-13,60.44378653130981,78.36567818659037,147.31298554979594,111.4663019560151,106.39052853587067,186.55107527539127
2020-01-14,60.44058169609465,78.20476754463188,146.37883372523888,113.17389746482706,105.70951701487512,192.0273046014425
2020-01-15,59.44262008946663,77.58335792419388,143.15271917201653,113.23056681905963,106.81685132590921,193.28213647514775
2020-01-16,60.7487171449224,76.27512271949401,142.60113769965096,112.22609849737584,107.44814345868538,196.08973351168393
2020-01-17,61.87925853860714,75.16271895708124,143.8527280585454,113.00935811064788,107.1809403702378,199.38703167360575
2020-01-20,61.52134080143137,75.5208895382178,143.57497616032657,112.22056163661766,104.87052166695344,201.22208441213675
2020-01-21,62.12488136825287,74.6253475483919,145.34391520225654,114.03492817609757,104.2449650393761,205.401822752477
2020-01-22,62.42445635931054,74.70173680333524,144.73895773797668,115.48743248427634,105.85882168335249,206.24604615286626
2020-01-23,60.40482922442621,75.72416692685813,144.80776813566308,115.64389276472669,105.5819192132076,207.77032512594712
2020-01-24,60.598094992061164,76.7322213000743,144.16349048425184,116.60160652499923,106.4569014771988,206.44674096836187
2020-01-27,60.55368195078235,78.27240817518073,144.8451801432636,117.50017974144734,105.86641173894617,213.48989011040524
2020-01-28,60.619607644449715,77.99747821573902,148.40995009784695,117.15887326285312,103.47795094017415,214.56022756152697
2020-01-29,59.8050875276751,76.95487322800194,149.14680196651224,118.55443022957776,104.07281536502987,215.12626963521564
2020-01-30,59.60485090474559,77.96740749084792,149.57077430881483,118.28205503876138,104.53272111601231,219.089574272714
2020-01-31,59.473497609725605,78.28889872980417,148.46767890343247,119.27109638270377,103.82649579047073,218.0677871421602
2020-02-03,60.37282326225751,79.4224081663552,147.1184456168594,117.91797873320463,103.39248296546924,218.33231807944932
2020-02-04,60.63013975673615,79.45049523648115,149.91559610917977,118.1362022880819,103.81067604538602,216.53270896443348
2020-02-05,60.62830243290986,80.67366064753504,147.88699645599905,118.8240680364801,103.09156235168273,216.8671187088865
2020-02-06,61.80997225223723,81.55600000037767,146.25224371681193,117.71587595820554,103.58113058605807,216.11589596766734
2020-02-07,61.38152725939153,82.31309775916,146.12960703646505,117.16900197569635,103.3634205165242,217.8289275774752
2020-02-10,61.08352884271835,82.85468740124844,145.40338270361204,116.45329766894831,100.4164849646908,217.76833114494832
2020-02-11,59.70363902007295,83.28872130759594,149.0894384635083,117.59648325216372,100.27982244452964,216.45751383056685
2020-02-12,60.89807296880522,83.55151622985741,144.76671037408278,116.60490892034015,99.5803866280577,215.95496127836495
2020-02-13,61.64490979685089,83.80761204803012,145.48386347801062,117.32175398637992,98.59095170969704,215.9146421142278
2020-02-14,62.36358567841203,84.87787038323171,146.8531889511231,119.6707762978054,99.12967510508382,214.84105293199465
2020-02-17,62.89386058769532,84.3502145351788,144.85096261469263,120.28426435342962,98.5717645774192,217.5870420502768
2020-02-18,62.983700917666376,86.23354157251394,143.7352908912708,117.94003991469408,99.28029237929928,219.65587966500033
2020-02-19,63.157434235419466,86.1366484601051,144.57705417956188,118.20145995035683,100.68586299267355,220.32364006611007
2020-02-20,62.95972669993666,87.23136052110804,147.63329115590452,119.83788445769312,100.91034387494093,217.42451215264816
2020-02-21,62.80092618494461,87.15091393922289,145.98778401312393,119.48309528016574,99.02786872549879,219.07571190368068
2020-02-24,62.846400698411465,86.89911474457523,143.1675332408272,121.24281779344115,98.17386669992447,215.96053568320534
2020-02-25,64.05746744554648,89.17189994765982,144.9887799262197,122.26998274337086,99.34098811107563,216.72133137700007
2020-02-26,64.51006778674045,88.84407568874937,147.85655918398436,123.00070282083813,99.06639044821459,217.11990210931208
2020-02-27,64.46512987522848,87.4446255114895,147.29104048678656,122.67699921157474,98.12050853649116,215.83675701841716
2020-02-28,63.998809675265164,86.68002264199258,143.2954085996584,121.9682676106896,98.05518937150153,213.93420891854078
2020-03-02,63.49136662202819,86.35278245432829,145.99742078528237,121.65627114157456,98.71694862993229,212.39648695974927
2020-03-03,64.78899804268114,88.74864652908771,145.68934732856454,121.83447702284349,99.08163913916395,218.04972161282993
2020-03-04,65.20649941141106,88.9991966667973,147.82442811178345,122.72281800273657,99.92788069570986,217.61830375446416
2020-03-05,65.2646072968862,90.07277107439253,147.80093607295734,123.45861497711545,98.9528033678953,217.3430203360261
2020-03-06,64.98315542840548,88.96234795155236,147.1603088733879,123.07562679187073,98.66103060079749,220.17232787843906
2020-03-09,64.08401853318199,89.3775878972933,146.38173800315283,123.26197517274898,98.3980849876101,221.57639945790538
2020-03-10,64.03259932181663,90.1562317581407,149.18250236875608,123.95161925626783,98.41770966917093,224.72898427316574
2020-03-11,64.74387213376617,92.24579743413703,151.96218102019913,121.52496105809011,95.9278842610987,221.67524445147097
2020-03-12,64.42702805277433,91.45973568055713,147.98134169894067,120.43924846154711,95.69135773242651,219.0312876748739
2020-03-13,64.24538744297958,92.17752769226963,146.30293671805487,119.31752803183252,94.15085862526486,228.37494366586108
2020-03-16,64.06927000623116,92.54942731243888,149.6736651924367,119.0962872762477,95.84072998159725,228.5440802750132
2020-03-17,64.16034134033093,91.38530981685462,149.04060492011493,118.76874075836763,97.76315052071907,228.02518308864563
2020-03-18,62.887971647489145,91.38249155441146,146.5647514432961,118.46898682760019,99.87936329504068,228.75834198841676
2020-03-19,62.704226754637425,91.09917201669603,146.63000954330775,117.2586408225657,100.9407589458673,231.8231983794934
2020-03-20,62.035336642583154,88.48792929957955,146.4869092264944,118.34315289806517,100.38108897092913,228.77944519013406
2020-03-23,62.73305959375283,89.17698212271557,146.3642714649463,118.84541160993328,101.63751763944799,229.85597360056144
2020-03-24,62.12941987245,89.80527106043664,145.53920330586632,116.49699476149782,101.43381109107342,230.06364037432692
2020-03-25,62.58523670518869,89.32915322354575,145.02813742564067,116.60306893342361,102.25984711553753,232.2441317045476
2020-03-26,63.80140449055652,87.85413556778596,144.25358616999188,115.04588032844717,101.16733792177575,233.02490749821231
2020-03-27,63.55234805383261,89.52670144662453,144.9180605574174,117.62797637303967,100.48023411529284,231.81442747824755
2020-03-30,63.07499903670983,89.84648419091147,143.4975285093587,117.04266688320736,101.11452131632332,229.67270512710112
2020-03-31,63.22981723323644,91.02425420322287,143.0304473104655,116.5513645946822,103.42350174025422,223.25226836508017
2020-04-01,63.23070999363616,92.67591951443389,142.82659245941124,116.76304784219191,103.44374022567456,226.20602057739177
2020-04-02,62.44657517471863,92.08942796508077,145.25211144899598,116.5577898727333,106.44255481426015,222.4821381818967
2020-04-03,62.81275232326126,93.0564798532596,145.9938298119068,116.56104145374064,110.21557369102317,221.67077579181586
2020-04-06,64.43074418074053,92.7940677632406,145.84890003393625,118.94671305831447,108.52539411079486,226.47399879231926
2020-04-07,64.2241103211936,92.74084215016991,146.89460794210692,119.3776261713783,108.54440109265902,225.60762373027188
2020-04-08,64.0627052410876,92.6607144143487,147.70556628246513,120.73307926099925,107.32053997529204,227.57242720617208
2020-04-09,63.22736194174529,92.67903235021733,149.80211578775805,122.55462781311316,107.19042797041178,227.273134308028
2020-04-10,63.48457536363358,94.00905653906285,150.8197704262807,121.15278884434603,106.53514847184343,229.49442538703283
2020-04-13,62.4974794763836,94.17601108477824,154.32728735538052,123.85499273095716,106.50195872447784,229.86190609004962
2020-04-14,61.63438359421658,94.01392643855571,157.02500515669325,125.0309474624218,107.84575938842,228.73080101007966
2020-04-15,62.6386102284107,93.7070258645951,157.0049574350364,126.646680330878,109.17205734188772,232.79919042518344
2020-04-16,61.93056951695779,94.13101691253067,156.24791415922448,125.37465775471274,109.58406703965899,232.33803716767355
2020-04-17,62.78256568067092,93.09566465220612,158.05640853825741,126.77181698960632,109.64616622321172,228.88037979983753
2020-04-20,64.002503934696,92.52778718266272,159.1504192870436,127.53409551586243,109.86678147203554,228.2531879980145
2020-04-21,64.21450343438144,92.48667810742784,159.02274148089936,126.77382344916619,110.09963850542148,230.0354660130596
2020-04-22,64.66634228983952,91.8493633992048,156.15174656180463,130.57601666360543,110.94891557591636,227.23264445322346
2020-04-23,66.27923077189838,91.73202062611179,152.64751153108344,131.61589843878062,111.01604260165213,229.69451425322302
2020-04-24,66.11778180703857,91.04835397870684,153.37838171536944,131.32363507869982,111.77396078746324,232.12439017508925
2020-04-27,65.62824951844442,93.39637270766414,154.93544403072872,131.74964433792258,110.02545241903826,238.46750567386897
2020-04-28,64.52139084454852,94.99377712456372,156.5725944214354,133.37540289754295,111.17820775911619,236.914601568522
2020-04-29,64.55786492126687,95.5542869409447,154.1138805972964,135.39624162975045,113.68660036741811,239.11756329328205
2020-04-30,65.77482064513073,95.51022325103672,156.20199452569773,136.5012182915628,114.00918460767662,234.6193989808018
2020-05-01,66.57749104273536,98.20416336918987,155.21467297641632,138.72183240224712,112.08084028358616,233.72217872043413
2020-05-04,65.79454924268326,98.62568466058848,156.03677017664586,141.4287322466902,114.04579113218023,234.30936203584213
2020-05-05,65.0918898977369,98.53894555332093,156.91910103055454,139.35770879153384,113.64173658332167,235.76057646768672
2020-05-06,64.68230586417425,98.93718714135107,155.40100461511858,138.61930417064525,109.5487079028896,235.89530733702506
2020-05-07,64.92349642797541,99.34056361497167,154.30756656169655,137.09880833699543,109.31204645374167,235.92769772012943
2020-05-08,64.75834679979378,101.14312590925118,150.38800817494476,137.37799780465414,110.20148757042293,234.4730234752038
2020-05-11,64.93612852188572,101.14063307016222,148.71886611712952,140.0122295077225,110.79207048248239,233.5005471857093
2020-05-12,65.18193734463439,103.87364903228062,145.43608513493896,141.28376336294073,112.58122466702996,234.65630793326423
2020-05-13,64.93961805328712,102.74776586585251,146.29655840092326,139.5480206419255,113.51953400459954,236.54177446471823
2020-05-14,64.90933328233484,103.67236670293178,146.46675183814284,139.14590800380486,113.76022630956439,238.6761642387666
2020-05-15,65.08108313962285,102.39399425143208,148.2208387460259,141.07562687711513,111.05646013342174,241.8675653253675
2020-05-18,65.01484894604617,104.78762332761288,148.94605807728357,140.24843062200512,109.58759924432776,245.67436402124594
2020-05-19,65.43119537780636,104.37448192277846,147.81713084900588,140.191935094626,109.89539799826899,240.6731206795442
2020-05-20,66.99444061234158,104.32034333493598,148.52102337052187,140.84550970270942,110.89001477749099,239.4535524911657
2020-05-21,67.49864153764456,105.5647982259429,147.84974396136658,137.76238349088658,109.54207417515856,239.2814380445629
2020-05-22,67.54880013576371,107.27064755590428,149.04657775394563,139.23563700734624,108.77204405707917,237.71857856898268
2020-05-25,66.131612572967,105.80111007561386,149.69817110054788,139.95150363430548,109.47375291828955,241.04488211764343
2020-05-26,66.4582790902657,105.363271109461,147.9027718862457,141.07253342694062,106.96010997441293,243.53770546185007
2020-05-27,64.85073266542244,103.54993999065539,147.96440023154577,139.45747242788224,104.45630639302982,243.52245858181502
2020-05-28,63.712178543149534,103.75145429785391,148.1251816478848,138.22729020511665,104.2171527491564,244.1805680069766
2020-05-29,64.40445806034344,103.64123668831814,147.60943508971422,137.30372424929467,104.60543753224262,248.24676403921654
2020-06-01,64.98264688187311,103.2087275142452,149.3411797692135,137.85021916353278,104.0426458065718,247.51178340606276
2020-06-02,64.86258089875014,102.34447219576718,152.65871165883343,138.0850072864833,101.16808829448185,246.87754984740613
2020-06-03,63.482638532678216,101.86991162629174,152.01218264839537,138.42038119214638,101.25575508050008,249.90576504280787
2020-06-04,63.1888328779609,100.93807514577007,151.40088250480576,141.69605066324658,99.65024370410431,251.6393151678134
2020-06-05,62.653276226063454,101.63477903946281,147.2301671280885,144.16338400541812,100.52405832069988,256.30998844391524
2020-06-08,63.1604993747188,103.6167763939543,147.04839967234557,142.97987930427868,100.45576204518422,257.7760728266322
2020-06-09,64.98545719673116,101.14839534685824,146.2994115009967,141.92319469155268,100.84588172479673,260.4404833048216
2020-06-10,65.1658956493725,101.02236538048693,142.42504715285952,145.1427340202974,101.71452290944471,259.05136679064617
2020-06-11,64.5317624986998,100.51306794117276,142.99925835462025,144.68220303278156,101.10770400313929,256.4448345896623
2020-06-12,63.58958276300273,101.1601895092704,144.12405176118003,147.33764211993747,102.21539769123775,256.7337773225251
2020-06-15,63.54718017691929,99.97582868006596,142.85275474080737,150.45786072013905,103.87287484149223,248.94451108575555
2020-06-16,63.4083098213983,99.81293770451185,142.23901224266274,149.555201099331,104.4487682122658,250.48463589793445
2020-06-17,62.49751696474597,98.53526127132004,140.5721900255582,149.1698843457804,106.25707626981885,253.75254619900835
2020-06-18,62.59168539427243,99.42527132754202,141.98439844633916,149.4474555140306,105.49161647874648,254.30095588988604
2020-06-19,61.69309321452888,99.57103893318634,139.34990512285378,147.95052996182133,106.76590895016281,253.93878254568975
2020-06-22,62.56605636138576,99.38997425563385,138.85500242845737,146.25819349736585,107.18759297680513,257.613127759133
2020-06-23,63.411848075350406,99.87600445799141,142.3658749928975,145.63950479561623,105.93891751263152,257.8004383692618
2020-06-24,64.286971232784,99.58766874621622,142.51384660139104,147.33263761085973,105.89758857825163,261.1925807018939
2020-06-25,63.906699156875064,97.67799765566635,143.41226294997907,146.62311018204812,105.26178144548723,268.5302436193317
2020-06-26,64.32486287092468,98.43496870707503,143.20320860880219,146.36177509485276,104.60075732529992,271.2216692732142
2020-06-29,64.22046886313233,98.81429321422245,141.15480197984087,145.62509202312816,104.7757108175468,274.6506441412976
2020-06-30,63.90918559189494,98.6437946349676,141.15159347736642,143.25920179752922,106.235136984847,276.63506528497965
2020-07-01,63.63922015716599,99.89688471269321,141.93148195879962,146.0826321444264,105.87780018139424,277.8196622651691
2020-07-02,62.608106009130665,101.46403368656226,140.16905572441152,141.95051551155063,106.10542117866444,279.09199734309425
2020-07-03,61.481939715924604,100.09875070879397,140.8283896855554,140.90042494069738,104.24207584262899,279.6672595142803
2020-07-06,62.102768966643474,99.13978837623858,143.1102533559471,142.01152032236894,104.44288504085543,283.69966770557073
2020-07-07,61.95578092473241,101.11304047058779,145.1083992651265,139.64977567453462,106.01961092988395,278.5800352439295
2020-07-08,62.12741140677075,102.95883442362863,142.29882060320475,140.83263907947097,107.15983100982311,278.02909953398137
2020-07-09,62.918947234502994,102.02732292998364,140.6157141384806,143.18901478613182,107.86026305480095,280.58987315161386
2020-07-10,61.56241952818883,100.5423856718982,137.8393915986067,141.7619402799385,107.2178480852633,278.09636164333693
2020-07-13,60.95965085863922,99.7593789721423,139.76652534421922,142.25079094890899,105.98505015540819,278.089946104866
2020-07-14,61.09688469612215,99.15652726348513,140.9001763235937,140.38858403123965,105.9240880320642,276.1163959755402
2020-07-15,61.40188226270287,97.21807171154762,142.20921204498353,141.40295965823844,104.2326792708196,277.93253960258465
2020-07-16,61.113297739147235,97.27709673290643,140.69888125289376,141.6753189315668,102.70166482158115,281.1919203979306
2020-07-17,61.91333617144664,95.74123858204318,138.69985642836733,142.17569110196735,103.9780388027277,286.5175600498633
2020-07-20,62.080132681068,94.31251827715937,138.8883159000153,144.76115128019183,102.856140646051,288.6164290591374
2020-07-21,61.1407459851312,95.42781254462349,139.11922381525497,145.74089972029518,105.2492239737045,286.48467571273926
2020-07-22,60.43036309352152,94.63023008852588,137.6835035085502,148.35329261023656,103.45118957737841,287.71325356027904
2020-07-23,61.0491539952901,94.56532026281629,137.98399980658658,149.66424092876363,104.06971614580011,290.0547467381926
2020-07-24,61.40938984278258,95.33823817618786,139.16321014235024,147.5384022154624,102.6206372325242,295.3949878401749
2020-07-27,59.95993039373739,96.34070472992771,139.61784835327305,148.1447484173862,102.90556205167435,288.21994476256714
2020-07-28,60.98913746173258,95.95306324812044,137.85507791043358,149.18164422259272,101.6391737977179,289.8723384371227
2020-07-29,61.45283001183952,96.0269864776732,134.2863984211799,146.60755492424113,101.75141094849089,283.91579560017453
2020-07-30,62.50422173367995,95.05392943805033,133.90118853576573,149.21192071543615,101.6136847545922,286.7288477171208
2020-07-31,62.20526285791774,97.19056213857344,134.23093271180832,149.4604957010989,101.10299077972165,288.62898024301967
2020-08-03,61.9764046448405,98.01068400019425,133.84385189193745,150.2764837800516,101.8112762992919,290.73165326196636
2020-08-04,61.10547073853327,96.67852160813713,133.17526205166712,148.7086608559197,103.80805479508547,294.2135503071124
2020-08-05,63.09259381253321,96.70418458728648,132.07151005953503,148.96488094337818,103.10629447894001,295.95046165708027
2020-08-06,62.95577888766586,97.59837731388023,133.31951280773438,149.64941560154566,104.31244965778994,294.02173658389654
2020-08-07,64.23018543174005,98.21069929574894,133.28339210901845,149.15584976090372,104.4846459177654,295.63636858539576
2020-08-10,63.71103888476945,100.52182082770464,133.54238943653576,149.42795664080774,104.50747171758623,300.3133988341283
2020-08-11,63.845220847829175,102.29683233285243,131.96909852533096,145.6077558113898,107.47042025342195,300.26796940287295
2020-08-12,62.517364520073045,101.62589462224149,130.9925044503541,148.24724738077177,104.66066111292956,300.7438467005305
2020-08-13,62.21899632949301,101.53352992501553,131.31416418760048,146.29847051064098,103.83691588808914,296.75589418002136
2020-08-14,62.99744624239206,99.92875377592418,129.7117222313218,142.44548030622315,101.57747380068037,301.30461505167324
2020-08-17,62.01419947135527,100.26478811869507,127.71965669824031,140.84541182272585,101.24089740689332,299.8535086722733
2020-08-18,62.86011509826548,100.47727072035885,127.24058391794115,139.48357690491906,101.01167863786605,297.5562671508854
2020-08-19,63.13026828191933,103.98082510622211,129.230722634677,140.55492974393738,105.9943515171954,296.32812024138343
2020-08-20,62.30785362286517,104.13104194015898,129.5923830636896,139.0573039931953,106.5166421504561,293.63857500198776
2020-08-21,61.91779574029097,101.44247704969966,132.0488755960995,139.66782456742206,108.99471772746108,293.11711726257164
2020-08-24,61.563159329283145,100.60869658989384,131.88152516433752,138.09978919347697,110.84088628631106,298.0221360715997
2020-08-25,61.52720448265302,100.77279757370059,131.41843794950498,142.1069308878056,110.29860379433988,301.25532112195134
2020-08-26,61.11542747496161,99.21194638609221,129.18361469145117,143.20057422386117,111.02589276941494,306.8462960806165
2020-08-27,60.484138946741666,98.15490855201483,128.2990547403609,146.89047193036396,113.43001747335082,312.7736633815551
2020-08-28,60.25487022335074,97.72472891513576,130.69082358451254,145.13998799635118,113.74286389717932,309.80772392120866
2020-08-31,59.48269860960309,98.16751392909612,131.28231002992308,146.47468674115373,114.10727287009207,311.9925849605252
2020-09-01,58.52644277864718,97.98422706683806,132.55204879994378,144.83509961738804,114.89351726242114,318.0666911788819
2020-09-02,58.493251074400455,96.91337389353899,133.78682513571485,146.00958598053077,112.82313559825836,327.38299148139214
2020-09-03,59.14986059316743,97.90089224358752,133.82276880357395,147.3779956871552,111.75111419607941,322.2590204820887
2020-09-04,58.0233574290988,97.25838075627661,133.5298274723291,144.56016043829453,112.2878424851417,317.1776142278689
2020-09-07,58.02822469591074,96.66919042469183,133.78249913044937,142.616212381003,113.12177990730366,319.36594965681735
2020-09-08,57.55727442774381,95.02376814404337,134.97125646099695,140.6451766161856,111.89780054226912,318.47526106366786
2020-09-09,56.8552938942055,94.1075680994922,135.80490063502307,138.11271145820893,111.51254969581706,315.0804346538551
2020-09-10,57.472198271087144,94.90385300411666,136.70242153090257,136.95203356587515,111.40693178338245,316.91850568670117
2020-09-11,57.10048900508788,93.00916641187584,137.0214359980996,135.40903693249248,111.26152428947194,314.31641861500816
2020-09-14,58.19091192455725,92.94571688325345,135.7515007528286,133.06739496696778,112.29414392548715,306.2323317981041
2020-09-15,57.62426924999131,93.81008857815476,135.35745722420364,133.3326343397575,112.50868526653571,306.52254702781573
2020-09-16,57.90785093153153,93.38545155960159,133.81346868264094,134.35375066357454,112.80723406630864,307.3605839869974
2020-09-17,57.744560579849676,93.68807661378638,135.57068891190625,132.2460623976067,110.8960048622256,310.10402554649346
2020-09-18,57.20086705382604,92.39888710059446,132.07881378155466,131.41948243228856,109.50988458810974,314.01394854146787
2020-09-21,57.62824134583637,93.95699427011799,131.7680104870652,131.53040982366556,110.01351723555047,315.0870933618358
2020-09-22,57.51810882687663,95.28985825676453,135.84408677022347,131.24390820567262,107.90639771932383,314.57462731295357
2020-09-23,57.95919658741952,95.59348614164736,135.31342650158618,130.18623378442277,108.33164131244732,312.442992781293
2020-09-24,57.92697244298069,93.52296785567847,133.44450677076074,131.6184354624356,107.50166008637768,306.684475445568
2020-09-25,57.14219468602909,92.31839805940919,133.4662170606901,133.12743668619498,106.47640679892545,305.44070376979073
2020-09-28,57.07102449511602,93.48145161978702,135.70479401358685,134.36984614564537,107.40108724244757,309.49875375358033
2020-09-29,57.11066016183694,95.54149167503296,135.48342361370086,134.11446194765173,106.55601666845618,312.3085618177167
2020-09-30,57.80677439082021,95.91975053267304,136.58753010592397,137.6122081594448,105.47778862998099,320.4962754692723
2020-10-01,57.152763203235075,97.4598927630732,136.81283631436077,140.76405373207623,104.64871696073436,320.2937527078605
2020-10-02,57.12671736524737,96.7372117694524,136.2245958076913,140.1531018821894,104.78074060090309,313.86944182660585
2020-10-05,55.90299528791055,96.52734894025609,141.79519795951202,140.0406689360556,108.49911881745287,317.38570677532084
2020-10-06,56.36597437763239,96.5494318980796,141.97756487845777,142.25399046084414,105.7197016188304,321.7538874576531
2020-10-07,55.60538021662381,97.08626649753928,141.07482012156163,140.92791669380213,105.7496123684253,317.6421658035495
2020-10-08,54.35636156249605,95.25457305658576,140.26115362619043,141.73711218642936,105.4858772463508,311.90735606920634
2020-10-09,54.31797890390462,96.41083561148885,140.99010982987474,141.9191345706056,106.80389896996199,312.85036211198053
2020-10-12,55.082126410488286,98.05175045287177,141.77400679799786,140.76565671994584,106.36498326350059,315.9130195644657
2020-10-13,54.03644548301613,96.66360760512927,143.21537403839056,140.45342917488307,103.18163766359342,312.0536361095272
2020-10-14,53.3028850334518,95.04738904158678,143.5260778582657,137.7953669376411,104.95882485966267,311.1483934188347
2020-10-15,52.80816173271564,95.48856740229364,141.01537701016386,136.95060737324084,103.58872897503345,308.61927290370676
2020-10-16,52.06407228486084,94.72493377833342,142.0187962616627,133.64287347671666,103.56159789404717,304.6192814632125
2020-10-19,52.31562815986434,91.95707546505646,141.52207805710978,137.63220248618245,101.85380769035179,300.1845050641659
2020-10-20,51.78823256328502,92.91855693587895,141.067725706665,140.3641423110393,100.51624224999577,301.04044207109365
2020-10-21,51.32163530807623,93.1208366616187,138.51049134945166,142.65103409693833,99.94126864053277,300.04311147858806
2020-10-22,51.70223671686036,92.58314139554288,137.56674656899415,143.2920397969344,101.06643867737074,297.97654246475673
2020-10-23,51.21447141102879,95.10183337017412,136.3657776657847,145.20411843135756,102.1852381199919,289.1062290329349
2020-10-26,51.49652533214775,95.28882690501818,136.35616253307973,147.64931823892513,101.47020995972689,295.5882275259351
2020-10-27,50.87215474625186,94.40882195400398,133.93409288217697,149.65120054779106,102.15596439691531,292.58637472524373
2020-10-28,50.10315041006617,94.5494710266184,134.0717270159406,151.49324846937253,101.7267272760709,292.43918110756863
2020-10-29,48.95977700933461,93.33860966946114,134.33414401480303,149.8610167022537,101.91485395048761,288.7931227941587
2020-10-30,50.123387583682764,92.46697257123613,132.50381641367042,150.77128766824487,102.15727588209101,290.44126592556245
2020-11-02,49.923534018683064,92.93808576207961,131.51624847679156,149.85688187817766,102.9979553986118,285.53965712379846
2020-11-03,50.07918583146644,92.31120867508153,130.15357977769563,147.74008152835185,102.25202080211389,286.183870861826
2020-11-04,50.06158586552384,91.80787864925239,131.70161781195654,145.7244892827225,102.12670237568354,285.85689033751186
2020-11-05,50.16456876673707,93.77882952876335,127.62224002124107,146.60571722517003,102.44878796873401,289.3544775392626
2020-11-06,50.19797309970251,94.8203430058014,127.12083014762335,148.6581748251329,102.60749835310857,285.88299281153945
2020-11-09,51.42146060609281,95.80481217850844,124.53742471989383,146.21074054728754,101.63086430148012,283.9753182474986
2020-11-10,50.7547923835944,96.46590840442994,123.91013793898311,149.55571288867088,103.88751139747895,283.48604464523686
2020-11-11,49.77055524706306,97.07698437989153,125.28779231926237,152.44512252538973,103.33182341532542,291.0383542185385
2020-11-12,49.141983875314395,98.8961043072149,124.34467704430439,151.81027700861574,104.35813973252735,286.23907337485423
2020-11-13,48.32445116207494,98.89294259372183,124.61011521646927,151.02046086941598,104.66661952939279,287.55697719363775
2020-11-16,48.78330714441676,101.2537197311744,123.33885808625905,150.97427403613426,106.32147046417202,285.6111246102612
2020-11-17,49.29209207819163,100.06872448332295,126.43895015461324,152.94577937067277,103.49505990219882,286.99386078339785
2020-11-18,48.70062721586404,99.76907919941917,127.9518044652179,152.3019091546878,106.22807820618547,289.57126220412766
2020-11-19,47.85682531494697,98.07219702658882,129.8323276817838,150.28441896970403,105.98622138941042,290.3750746023398
2020-11-20,47.645272511576046,97.6692787198909,127.72751510425519,151.02671855591046,104.4051369624342,291.6064191395554
2020-11-23,48.48961291938045,98.33038763575463,126.0168723633584,147.23529706369396,104.61412523956926,292.9010511067865
2020-11-24,46.79919749802244,100.16625834542702,127.79256468359097,147.58375350033614,107.6532221037141,291.14895982898753
2020-11-25,47.1126061391945,99.35393077606433,127.5295931653609,149.84239588722502,108.37803641383465,290.70152663497873
2020-11-26,46.480229591034224,99.38186466193218,127.1653003127864,150.5079340582928,106.76042920860618,285.2672738270262
2020-11-27,47.09534334131077,98.95431797183545,127.75086252876565,152.08285560758654,106.1834464684573,284.35148758799784
2020-11-30,46.461928998942575,98.05878150662642,125.79544377915583,153.11989791002733,108.01370460136893,282.03083435190626
2020-12-01,46.29699365654494,96.6210496973187,127.07573174180196,154.61910383139912,106.17145751863615,281.4626348878456
2020-12-02,45.42848707197932,96.71564397470391,127.15451122381134,154.9905039038019,105.9711808467943,284.26273172186507
2020-12-03,44.874368206316305,94.6482592162355,127.97433269252899,153.46634748985937,105.62010981450334,285.86913126345155
2020-12-04,45.66656370758349,94.8004811047899,126.94699846118601,153.1194504825055,108.5642362828563,287.7898349391038
2020-12-07,46.142959148085666,94.84583077981796,127.82020675432334,153.06441085426522,108.20767760856494,291.93574598956036
2020-12-08,45.911862424427106,94.08326145354424,126.73938061935831,155.59904477446926,110.04170229964541,283.9762689411167
2020-12-09,45.41307528512713,92.91250540634348,128.32239536515576,158.90927457032524,109.15176331858862,285.742371103718
2020-12-10,44.34411567896262,91.32566931113537,130.2123922932079,159.84364891956332,108.098379133914,285.95145591900115
2020-12-11,44.12648172843027,93.52443220366575,131.76822024540425,158.4241348164507,109.50515011323668,285.90542236022384
2020-12-14,44.111055078573095,91.97618971106125,132.67999699204964,157.0628738740592,110.40147070174098,281.73406506029113
2020-12-15,44.066115462767264,93.81917194137888,133.79575416851677,156.78059741305384,108.07742483375736,283.8896160747855
2020-12-16,44.015821356958604,94.55152062918667,129.36163090476037,159.63788876773245,108.98516738536222,288.12694148333065
2020-12-17,43.39982267642462,94.13904866422695,130.78035856383786,160.40257998524055,109.90468017978196,292.00397784884314
2020-12-18,43.36532095564485,92.79654589231177,130.38030137898824,160.3811453157632,109.1020438475403,291.9951193074851
2020-12-21,43.34591687800282,94.04354195719739,130.5871289019763,158.93230886493035,109.441615733524,294.5402019092876
2020-12-22,44.05821136071103,96.13598790658008,130.1718090362752,160.7995894885606,109.84937372353677,298.12150253629846
2020-12-23,45.108471113202874,95.03168991989662,127.95995914729261,161.47785849899984,109.22105376890971,305.0324569434039
2020-12-24,45.03247253665816,94.69496813479152,127.14397962611463,161.46554660755498,108.46206013552951,309.8733002119074
2020-12-25,44.601566266798194,95.97851494529756,128.25311726778756,161.76720484509818,107.59201125290052,310.7103641443632
2020-12-28,44.5668344924778,96.4060657323792,130.61471165728116,165.33436714462061,107.26366596451233,311.37144900627965
2020-12-29,44.22871926432685,98.88727326769099,129.64405585288458,165.0936377360726,105.53006328837637,312.30515329949395
2020-12-30,43.818680893378776,98.20053744893809,128.22577559796366,168.73828208276458,105.50954275708847,313.4677895589011
2020-12-31,43.78805183227536,98.89495251618007,130.64346302429448,171.4966443084076,103.58912229567272,311.908073166126
2021-01-01,43.21796534084794,97.36942754223004,129.24909577225705,171.70650097883188,103.72083973935992,315.12519447745973
2021-01-04,43.55097900228787,99.99621299960683,132.72187373462765,173.72713614088283,103.64546694187547,312.8200175769028
2021-01-05,43.495724794853935,99.1015588854164,132.85824935596256,173.55419411579717,102.34485029128807,310.12284633455687
2021-01-06,43.634675496851635,96.4034209030355,131.43885293146093,171.84911240628136,103.47636950306838,311.75249294274977
2021-01-07,43.5359484757811,96.2714201588794,133.13080269159312,171.3665935526975,106.04880582923978,309.9109312670524
2021-01-08,43.140582192760164,96.12304798003062,136.05445405911092,169.51450144115745,107.8566870268666,309.3019451472877
2021-01-11,42.63010317378827,98.49219818617328,133.6691839967472,170.70648465636052,106.0633698360824,301.9681595958967
2021-01-12,42.504541832389606,98.09367585988481,136.37356701065812,170.8343998466057,107.80142235517346,305.1616491257073
2021-01-13,42.213365504488245,98.09907013148838,135.94378478568856,172.15791131283763,108.13148178548991,305.43348890991814
2021-01-14,42.339626802104995,98.8564502577801,138.5673285667513,174.05840265733286,108.09480881080083,305.2598585798537
2021-01-15,42.3389429518444,100.87359700919896,137.9583491627669,167.44299968868114,107.32692651139116,307.2589737815128
2021-01-18,41.62011277055071,100.81487213071784,135.29667296244426,168.19617355867902,107.3519668033756,308.3324682169601
2021-01-19,41.65697668028869,102.16573646534647,136.20798579419096,164.51396991341318,109.26747236107087,306.04331681341546
2021-01-20,40.9597588580093,102.8568175163119,137.86096819876917,164.95262931582045,110.04865443991949,313.8108459335359
2021-01-21,40.644474088442095,102.49561028995083,141.60496430378922,163.2312266864802,109.51473440860876,312.41375428470434
2021-01-22,40.495629860704256,102.61779426313413,144.76987582613475,163.53786088095723,108.63526126738664,316.39641179635174
2021-01-25,39.45211904145304,102.67687217776367,146.10032363908638,166.4693332834362,108.10519601356935,323.7446971634263
2021-01-26,39.499196442730046,101.5204599250963,145.72009037990154,163.0176307277984,108.93504757034127,321.64513109238646
2021-01-27,39.575974216217986,103.10682428096523,144.82366331524238,163.5017841481603,111.54222044402832,322.31482351320875
2021-01-28,39.498827474030826,101.34420479576646,144.3427567203416,163.43237949115633,110.11101805300707,319.46343537117264
2021-01-29,39.289793378025976,102.87270173198276,142.8951083554137,159.67222331232765,110.1424118443558,323.8298725168096
2021-02-01,39.10684413612531,104.13948030369076,142.45707290357194,161.07182720907824,109.647291704293,322.83579652643346
2021-02-02,38.630183822266,104.03975987951868,138.016268819554,161.23211603375933,108.6535489143722,318.8967982042854
2021-02-03,38.50067264626128,103.06333745789063,138.3814473009257,160.29230138509945,109.2291870400072,324.29222184247834
2021-02-04,38.23506936649443,102.79177332426761,138.38481567123736,158.93080927585265,110.01834957044369,328.20115427773015
2021-02-05,38.28078030881431,103.4280301871919,142.98706782809006,165.58866544286033,108.11965017492024,325.0214647922986
2021-02-08,37.70591370707269,104.42320829462903,144.41662021093833,164.86187653468076,106.76196610821935,329.9902252268261
2021-02-09,37.819497662154944,104.82382431402947,143.60134184034146,161.2554196768099,108.40109666837758,331.0791329237051
2021-02-10,37.88930384475829,106.16506564047424,144.6829612271544,159.46506027844308,108.86517347321548,342.3878169398414
2021-02-11,37.823288481111966,105.44467166548388,142.52117165694156,158.81967441016783,109.61081055231381,349.8515829994777
2021-02-12,37.61606546661676,105.77942678655572,141.4980938954528,158.14146435984452,108.95980679123907,347.8528892407401
2021-02-15,37.880245272158305,103.73203966748582,138.26133877008021,158.07348394064198,108.47659277204517,347.0544428230607
2021-02-16,37.09556481067777,104.75728571935966,140.8407347900571,156.08999988807895,109.13347956459963,343.73695083087995
2021-02-17,37.31286841606088,104.98213941537576,141.9527110455024,157.24719002599113,108.49117738670455,344.6112017199658
2021-02-18,37.42878016815621,104.45629749065277,139.92014968419784,156.37977767412534,107.03058233790644,345.13023366669256
2021-02-19,37.56413804801851,106.01887271600062,139.86794360535282,153.8083715417669,107.06371456370147,348.5237237881967
2021-02-22,37.747482593896024,106.96950769284284,141.60670912100028,152.32182595283754,108.31396427893847,349.2121859204021
2021-02-23,37.43938871056056,103.26256016719148,142.5482062004298,151.67084912276084,106.96183476595272,343.41027481009286
2021-02-24,37.318684171797955,103.33660193733053,143.29212210441779,153.38756972431443,108.4161862383411,340.39334028920314
2021-02-25,37.62090878158252,101.48127984077867,141.80692534479672,154.4137639554852,109.40385466521316,346.5524855351504
2021-02-26,37.82707845832421,102.87629873994128,140.7276985129431,153.84424032206837,108.26462400195598,351.7247412816802
2021-03-01,37.92722629493212,106.17630468674118,140.95130875462385,153.96915874317673,108.30778921980307,351.3674294329921
2021-03-02,37.21196192967446,105.50753179041068,142.65049123748045,154.4740980547951,108.28449767954845,351.11847424249356
2021-03-03,37.46648087936916,105.62934664115748,141.2234897166826,158.58257713048994,109.17788637930002,350.73189805168505
2021-03-04,38.02410581502284,105.31836352949735,139.29642904395033,157.44207481702202,110.12362280669367,351.1511352873657
2021-03-05,38.51241549977875,105.80755359483753,141.3736742063044,158.4605426031541,108.38107785459938,344.45328160347174
2021-03-08,38.62759582596296,106.69312806044637,139.78067845168903,160.00746773703327,106.60588898033463,348.50100148683305
2021-03-09,37.878426015695155,108.46072836458875,141.74567950834881,158.18680155001755,108.01736751332822,346.0731412458318
2021-03-10,38.332432775450506,107.14275489276385,142.23570200382736,158.65374063157506,108.20327243773363,347.00411691741664
2021-03-11,38.26290140764652,109.30882426753175,143.87927740408804,159.07036474797582,108.80156394019892,336.92575555141354
2021-03-12,37.06279844383857,108.05662989277866,147.13354005904455,158.2207453620129,109.28949994656593,338.18615392312967
2021-03-15,37.240831425112255,108.4577521176958,148.4734039392618,159.44603714929636,111.43235883630429,343.98785698275884
2021-03-16,36.54870897616734,110.07607251598793,149.99047857290978,161.61659299923832,109.80107390318057,335.17172230261167
2021-03-17,35.95801219894539,111.09341681738803,148.32370320043182,164.02680318532822,111.33796180291574,341.66467295807695
2021-03-18,35.67292088703927,109.8110095605169,147.08746968870645,163.72311995879843,110.2408348231109,343.926569779595
2021-03-19,36.250918058474234,108.86751373813739,148.34331660867906,164.20775536748243,111.28029845894143,341.22015592825466
2021-03-22,36.083372980309726,108.2584188885648,151.29749324984368,169.23892232885905,113.19186916524303,335.0816051750515
2021-03-23,36.20821521056918,108.21183593738141,154.03437303118685,166.99609280133785,111.29104832757602,340.1121780969478
2021-03-24,37.01591819029608,109.81040505064706,158.65815338958575,167.55793993621282,111.8861919454111,341.4937465685949
2021-03-25,37.76831831334535,108.06082679662678,159.34276768350415,169.54278462776693,111.53444832850383,344.2534495583338
2021-03-26,37.720667855897084,108.72137877473952,159.81251989948447,169.95949591611233,111.16553251082239,343.4449773828662
2021-03-29,37.60755521970425,109.58359335688017,161.91430572154152,171.46653139362354,111.2590157944542,340.47911250377143
2021-03-30,37.01633022176934,110.38074750888003,162.01588685605637,171.93684105605234,109.84377960651598,344.3779791328032
2021-03-31,36.69533025017427,111.0549277422713,161.95139493219745,173.67502425528113,108.56582839065068,340.7565209948105
2021-04-01,36.89397283207384,113.2240070211383,159.89056146786368,176.60368324930135,109.49316275229975,344.7864193364593
2021-04-02,37.07984725387519,113.94641711654633,161.96280000028827,176.2110001097403,110.68680082683233,338.23280964368
2021-04-05,37.13285566070334,115.20800917813199,159.85220437774475,176.74958970962646,109.9403850441269,334.7936027229952
2021-04-06,37.60267458233633,116.05376490252583,160.94978551263745,176.72621548876995,107.99785989461196,329.2953672334935
2021-04-07,37.240018180769965,118.73082523957318,158.15908588666744,175.9289088817894,111.19424828205682,334.83299756819775
2021-04-08,37.21519424774732,115.9475523579531,160.4211959560611,175.98453521200153,112.76252165111961,328.15066719659205
2021-04-09,37.56112491254433,117.86092049941777,158.41686738547511,173.5910445318019,113.30384951381247,323.97722891348747
2021-04-12,37.84007903457704,117.49912615384183,160.17159754577654,175.32576477422424,111.89397370183474,326.8611531030736
2021-04-13,38.3556239061604,117.10939316342153,157.05732550663933,179.22788536171012,111.1194510168333,328.0630728220662
2021-04-14,38.54948857552182,115.71248180046445,156.25020442301437,183.2216121967954,111.4900669871073,337.14447537548904
2021-04-15,38.401034914993296,113.04426242571655,158.64884573481524,186.29550671232477,110.19893198522358,345.0165031504059
2021-04-16,38.578197536789894,112.52577514326207,157.10835558490632,184.15003205210365,112.45467734383033,347.9080520162872
2021-04-19,38.095473016641655,111.57951901304227,157.30256971294776,187.8157860004345,112.68106269807153,351.130906155449
2021-04-20,37.31815334376112,112.30044275603596,156.41807198678325,186.23545986909215,113.26834094345006,343.81106337751606
2021-04-21,37.593657490533836,110.26023300724775,151.99158740237954,186.2159070649908,111.86149061656526,340.49042095992075
2021-04-22,37.56904094271403,112.29105915128503,152.64198952983335,190.70540398852654,110.63955639743132,339.4560622238587
2021-04-23,37.71679970271662,112.70058061893548,153.53523364506484,188.25332957446395,109.59340255069188,339.039577365741
2021-04-26,36.92011338253074,112.37321162392269,151.46617706494806,190.3665542008446,110.00470556024626,333.7732478261887
2021-04-27,36.752129107217534,111.39717520476792,152.624247674454,191.15002756844484,109.67598241029529,330.35116095829187
2021-04-28,36.476869673961055,110.32145022225252,151.16063450482105,190.89163422601288,109.31636635395661,327.2954602612508
2021-04-29,36.083293903518495,108.78515746118077,149.31980566957705,188.90274775317008,109.77953803346904,331.8138316928036
2021-04-30,35.07396612362352,108.0647830075022,149.3907846071603,190.01801025341663,110.12137073886875,333.8237425385902
2021-05-03,34.92768644638265,108.09618187643994,148.17136205012466,189.01740846711033,112.20534762327117,332.79419235713135
2021-05-04,35.32618510325653,107.8780173724852,152.57256107234002,191.63099039388052,111.96579610624269,331.9927797285369
2021-05-05,35.497571270431244,105.99527669180455,149.6709190327857,194.71942737884865,110.59969600675252,333.4634379550479
2021-05-06,35.231224397266175,105.66351922884128,151.12863619274617,191.47275832404478,110.61779889235899,330.97303109130127
2021-05-07,35.226019823283856,104.50353901518585,153.08285631250226,190.36500752690569,112.68178626134072,330.22432101307794
2021-05-10,35.56490995640899,104.73669655903221,149.37078966819567,189.70814173060594,111.94441942160586,323.7387532065775
2021-05-11,34.35065760814483,107.24932242507774,146.20260664558666,187.01000487977473,112.04701443558626,326.65900916808033
2021-05-12,34.29816425088393,108.12036221910871,147.29946988922765,184.49850233553693,111.58529701620098,330.76494832228644
2021-05-13,34.535065303498975,107.71775394395577,146.4655336293345,184.8088347528556,112.18241280734279,332.5140530560467
2021-05-14,34.83452138474541,105.55763412993822,147.23227798591196,184.42893331523877,112.57571558267739,334.7370954998314
2021-05-17,35.590393572741405,103.71508098193465,149.41923827252737,180.7321955939173,111.48359217110696,336.5192051050148
2021-05-18,36.10443358977847,101.55607438175079,148.77815396235087,179.61220376842212,111.20321270178064,345.2136012894671
2021-05-19,36.24832872244142,102.51116623612155,146.85423233290828,180.8921834483965,112.54479476190512,346.3759535249185
2021-05-20,36.38794355047705,101.5495695743087,141.94528155941154,178.26431360398803,114.11987280683316,341.20699781258213
2021-05-21,36.75196746299539,101.65147233261867,142.36700206221752,176.30131770866254,115.46956747661999,337.227835134861
2021-05-24,36.50453727360498,100.87959408708033,140.76582253254054,179.96472710906443,116.74827007101564,340.4411360030223
2021-05-25,36.48750679352857,101.017212394809,141.37767407117786,183.07936150947216,116.30402173887207,345.1584544592516
2021-05-26,36.90795620617628,102.83900218179537,141.8459919781133,179.47934503565742,115.81723029855793,348.6951078881645
2021-05-27,37.83097900311376,101.97722028758146,139.44749349469774,176.54979695157058,117.1962741318995,352.5620510817303
2021-05-28,37.75664249776401,101.56186396835048,142.56468453198806,177.49091088846612,115.54251156807784,353.6747444899334
2021-05-31,37.73512323729668,100.55686791526644,144.57992716998822,174.94495966110384,115.49650679864203,347.6956132562214
2021-06-01,37.83110355060003,101.69278038138471,146.1902108129076,174.48697679475498,112.90547060547715,345.0446818583467
2021-06-02,38.47828545207104,100.4085913666188,144.08083848202256,173.5955139716434,112.41191276941822,337.8962791535184
2021-06-03,38.46511931275049,99.00672860448756,143.39890185451034,174.92350336532624,111.46853355308093,336.62217528150467
2021-06-04,39.185379492470375,97.31169616286275,142.46957879909525,169.5339542380884,109.85212609126185,331.42625160086925
2021-06-07,38.71258153412023,95.6206094254651,141.782173834104,164.987178578664,110.6789182940953,332.1066037345632
2021-06-08,38.62348445222912,96.21019924605575,139.84271900023947,162.54951921833785,109.71052539588307,331.7184670303037
2021-06-09,38.52870443382781,99.39656859067843,140.66529608290722,164.73198877055742,109.24768715918002,324.2940883308696
2021-06-10,38.913928920242185,98.17889902559648,141.12700670237157,164.5046663330577,108.93477760763393,327.4616817862436
2021-06-11,39.43134198463862,99.38427987128003,141.83329476565189,161.09284520979946,107.98109074722593,330.77195606895367
2021-06-14,38.69008838231234,99.72056136354189,140.98689013166717,162.18788575450242,109.93505717582197,325.5480018005852
2021-06-15,38.24809431677528,98.36666678347605,143.35457380345755,163.73264333711495,109.30018429981965,326.3992450378664
2021-06-16,38.412286221648635,98.04535654888778,143.7499464838911,163.31825611731622,109.60252180941866,329.52312003757555
2021-06-17,38.09634267551701,97.77901710150064,138.93009671025084,162.73119355838134,107.87958813159003,328.650334129551
2021-06-18,37.37407118752837,96.95260635163407,137.86778113155952,163.72315481860926,107.28436989535932,332.35113450634947
2021-06-21,37.8677747750785,99.36102268184548,137.82239315563643,166.3307491020949,106.8904694075536,333.39315940771627
2021-06-22,38.10568948280974,97.02409353812455,139.56308230530982,166.74442878713117,106.51994287077459,338.03151703291985
2021-06-23,38.344716055854725,97.51188113522406,139.08939951262883,167.96273724374953,105.7869994050025,339.0760225548815
2021-06-24,38.11722828004879,97.94100718789434,138.7057794585091,167.9553226132541,106.00957296378566,338.6824243896072
2021-06-25,38.61610642319389,97.24923712184764,137.6058149121585,167.24465728308076,108.10998595186128,341.06538459123885
2021-06-28,38.50106583909405,97.4534650698705,138.81849060778538,165.41899724775462,107.96826002741756,344.5971218780351
2021-06-29,39.03815080111132,98.55808322178828,138.09157844793233,166.0475596229803,107.8179741109333,345.9223515781806
2021-06-30,38.59385916827553,98.76908187706651,137.09898833096798,165.51397439969236,107.33389378992318,344.3279807243714
2021-07-01,38.18228873077276,99.3110366989906,135.87587845941994,165.09971122092404,110.79246519403918,341.328221975577
2021-07-02,38.28238845343137,100.2032742621899,136.8852477218726,167.13910482821623,113.06404708344749,340.0618374036697
2021-07-05,37.946644773064776,97.69141186342326,136.02205018585727,168.26467023320257,113.8838675550867,337.9793911436031
2021-07-06,38.272462937078586,99.54937491635413,133.23194705001444,170.21525886198887,114.91902654082202,339.087055173411
2021-07-07,38.399603512275675,102.4701943121321,134.33345765170742,166.96363568928086,113.95203588061703,340.05097963114576
2021-07-08,37.9571720399861,103.76649256862689,133.20350643671605,168.2371304827895,113.77492849352114,339.9648494401271
2021-07-09,37.99354114337073,105.1227138055295,133.85602511100623,167.08561329226362,114.11002347880897,340.2181472735467
2021-07-12,37.82726636628459,103.2961816927581,134.54018424508396,165.4860515190017,114.31736002412873,341.1896081144121
2021-07-13,38.26777915002563,103.16427706750203,136.64903267101582,163.81116274650057,113.15105420022702,347.9916140481517
2021-07-14,37.96552574433202,102.1360896225668,138.51305327681303,166.42420243066033,112.10316678332384,353.374201993002
2021-07-15,37.75753854525355,101.40500707837795,137.5666828264957,168.2638968885252,112.85848221085423,351.17797725788273
2021-07-16,38.33966444459403,102.67003220434849,137.3320073909193,166.84495447189505,113.33395570947405,353.24399547779376
2021-07-19,39.4379398650007,101.65719963914596,135.1699271045884,164.5634780903279,110.45647831206865,352.10236154760304
2021-07-20,40.445408159122465,101.51245789141424,138.11048768590788,164.6847187933172,110.620455239144,351.9491710703862
2021-07-21,40.47924346677298,99.1218555739927,138.93509324906222,163.82622814298526,112.41153103105114,351.16987754687847
2021-07-22,40.59262209987739,98.9454004842235,141.45247324030754,167.38194382858833,111.55681158309906,348.7757229836184
2021-07-23,41.38612890678159,99.07890749082864,140.93991957277376,164.42119101410267,111.92710582422508,343.31675104691647
2021-07-26,41.322937180308564,98.2240743621733,137.40129338463672,160.76454961321662,109.97063395317535,333.4571083654724
2021-07-27,40.819363528264326,97.35809737324547,140.1330666817681,160.33768903944042,111.14662677782005,334.512118831416
2021-07-28,40.88113631095374,99.72105980638074,140.35213406178207,160.44976759722474,109.6637580113848,339.59252876995606
2021-07-29,41.11598605707238,98.23374843645638,140.6425227543296,160.80866440804263,108.01792042791377,336.12086876619526
2021-07-30,40.69032626538923,96.96281765779196,140.79557709253933,162.43387003157915,107.63307558707318,338.43342013928594
2021-08-02,39.85665928182028,96.0001058127293,141.99900491499855,166.82678041977013,110.87095641898222,337.08998656505605
2021-08-03,39.14325384693471,97.4819545564022,143.01160586387104,166.2024145971021,110.07558248215601,338.4746583429028
2021-08-04,39.47436190805852,100.11890315418488,140.22885951760728,165.1594705618098,108.40985464658688,335.4123893127091
2021-08-05,39.10054603888545,100.56032732156952,142.21759701386662,161.63014562949397,109.06832306723723,334.70511912983574
2021-08-06,39.03252639428727,99.67697898525223,141.32793303847942,162.21794784344317,109.41600429168393,334.48898027000035
2021-08-09,39.138748202337155,99.16251917011269,140.55341476674616,164.06393779672908,111.71992751870653,325.19130545347514
2021-08-10,39.44680688871093,100.52332316587145,143.70175963013816,163.61866463972603,110.0213198831676,326.2687783354552
2021-08-11,39.282275308498704,99.39737265128925,145.43465444196565,166.16418205182384,107.91379892741385,325.9474251162716
2021-08-12,39.53144048518708,101.25533275891398,144.87264219582747,166.3212995319536,107.53212708640358,316.4836569617256
2021-08-13,39.092174013306824,103.10077078645497,141.5786754898286,169.62163912673077,108.07443117084495,319.2072783196207
2021-08-16,38.91597396140296,103.21412260811813,141.9224668204485,170.43106177690626,108.5908220443932,319.29127263417047
2021-08-17,38.41845977136082,104.08006396941346,142.94446733591502,168.2709377204619,110.09493864862681,320.2988988760043
2021-08-18,38.971736430232966,105.09036988879677,142.85504593701967,167.02035869231165,108.12014759382855,321.9212835802005
2021-08-19,38.959986895810154,107.19141250900049,140.68463071495924,163.91628167293248,107.0618290531705,320.5064875167288
2021-08-20,38.60031457821708,105.80347639717274,139.34430441854155,160.45834527577315,106.92590163783174,316.54861028469026
2021-08-23,38.4308545670333,107.41280934099198,137.21135441994886,161.089591917305,108.07918801281274,315.04410823335024
2021-08-24,38.32516797154536,106.92913227217561,137.63773160461838,162.9559760074499,108.75531747240717,313.61365626533444
2021-08-25,38.66644655578174,105.92250124151084,139.1201116056542,167.112118488076,108.22904552224425,322.4071464857925
2021-08-26,37.89839512476409,106.08233555514947,140.98385411136607,167.0901225291425,106.9108525392897,329.9331515702934
2021-08-27,37.40786152099255,105.81892140114435,139.74356417781303,166.68614447866375,108.12135463287,328.18809278178816
2021-08-30,37.23156274268469,104.5329558071806,140.21248019373633,164.46595850113897,109.4363219318564,326.745130300067
2021-08-31,38.440077474160894,102.47226762294333,141.2495945889098,166.61838377934737,113.20701518996277,328.23529090585447
2021-09-01,38.90725372793584,101.28488682311487,140.39747609808435,167.53172362049142,112.99931022750843,330.7065291248248
2021-09-02,38.85420189161158,103.17736263597894,140.18954315604657,166.37400198743492,115.33012140841511,328.13217546053266
2021-09-03,39.205861428981514,105.78299852083188,144.04740931892937,167.91811399233444,113.66088660054032,324.3535234736426
2021-09-06,40.23700938861202,106.67584977346024,144.47632780563276,169.20521482493507,112.94114708537215,332.28848629317446
2021-09-07,40.12028190164401,108.30489345103491,146.1493140996394,165.35862181835188,112.04118953340328,336.7967865042186
2021-09-08,39.93708328295073,107.62501903422226,145.40737562452148,167.00723526781707,111.44188802289521,330.67643970840413
2021-09-09,40.55317329356327,107.54349878446547,145.54048181606194,167.38816329735462,110.28272588161784,323.8275782154738
2021-09-10,40.80806536593527,107.95043558986383,142.48612809299397,166.65849856855695,109.58486841730692,320.7711033011987
2021-09-13,41.1563170332894,106.51262359179731,142.49653549967914,165.8784970485449,109.55089652030185,321.8223101591875
2021-09-14,40.89525778935359,105.21497846768976,144.70943949673313,169.66855634717248,108.98341149655596,324.168545377795
2021-09-15,41.900446079415026,105.36645015785282,148.64492256011337,173.08134197024918,109.91526534346353,323.0113038109317
2021-09-16,42.81442057850253,104.96459588884868,150.96160615120306,177.20900706651793,109.84174878044621,316.88750855949354
2021-09-17,43.122501166585266,103.5896934785827,152.33286091879697,174.76138420039908,109.8796500752233,317.919240475157
2021-09-20,43.49760390140378,104.11769832287037,152.49383634394454,173.42394702669037,111.93792222258787,320.44760340245585
2021-09-21,42.40237819416064,103.79515072868186,151.40436419786798,175.51257388815006,112.41521693192736,320.6243468306805
2021-09-22,42.74612384119788,105.16193373169844,151.15772433596948,172.95802218180995,112.67127809200231,318.86890322754084
2021-09-23,42.643406442842405,105.17760507553905,152.3885822469964,171.4923583638178,112.68579258298256,321.2967020856327
2021-09-24,42.878864935377564,104.80287220982322,150.9472953606775,167.73254160579015,112.81417801973556,321.2528328938761
2021-09-27,43.25085096288205,104.99408284790749,152.79175220535691,171.79140021056352,113.65717063068088,317.0565180129512
2021-09-28,43.06698606647852,104.78928167913304,150.96772767435334,174.20504397918532,112.57874057932675,317.5966665243566
2021-09-29,42.161114244743835,103.93328357864182,147.67864753885658,175.31305017472695,114.22315330064356,312.7790952778482
2021-09-30,42.35865629925402,103.43043946382261,145.8642292506892,175.89701060364783,116.50344363643376,316.66013557464436
2021-10-01,41.96651027217558,104.43400934795683,142.89117370957845,175.0736579031408,118.21784909498578,318.65477786732725
2021-10-04,41.79394839194138,105.31069839350452,140.49647521157945,174.2964340820486,117.54574056588692,314.9654864460686
2021-10-05,41.47849615993244,107.05409271115083,142.57024564429545,175.75270168210506,115.29967578005643,315.95446747425007
2021-10-06,41.30201877607292,104.81729773652987,142.26649759083136,174.28185279457654,114.72176880475902,321.0030051014875
2021-10-07,40.11915227112295,104.32182806725127,142.71430771195702,177.09761006083363,114.98206430990751,312.8532106525022
2021-10-08,40.74061914813447,103.8005997855668,144.86822440468544,176.10116457531916,116.20617692410775,312.48617130790166
2021-10-11,40.87248718126745,104.04777461354439,147.241870328757,174.27199188766366,115.98760264088163,319.02473186143
2021-10-12,41.45046702622682,103.47890801787526,146.3656864845459,177.24521285872623,115.59670600670773,313.1827061411554
2021-10-13,42.49908276672302,102.83405702955065,148.89411595785637,177.02371179801085,117.83075173646859,312.70820168192455
2021-10-14,42.512868692664554,103.87574598790383,149.67552544346503,178.36605883131716,116.90377258824716,307.4571492495458
2021-10-15,41.559990726139546,104.13138428330242,149.7400195249313,177.53605582277837,118.49536391695345,307.3664326657394
2021-10-18,41.096202057913565,102.63437263124027,150.63495584141774,172.67109204874419,119.87076661225439,298.6026712705884
2021-10-19,40.47764414225691,104.39694134156632,148.0110718396488,173.96361734481084,117.96296435703157,292.8706907182302
2021-10-20,40.224106560902555,105.73886942116502,146.60941737435218,171.13334671383393,118.41272792095943,291.09944871222547
2021-10-21,40.266088340835346,104.9995046526294,146.4667511509726,173.58048198428338,117.64476987913356,291.74890181159475
2021-10-22,39.264630578462835,106.12769799071053,147.65359132209946,170.3178483386623,116.31872156856862,293.264007216914
2021-10-25,39.43597996007594,105.1717961122533,147.02029953792092,166.45662365398687,113.73460882747011,294.9568603288516
2021-10-26,38.694194422967485,106.69688022893334,146.84175240246378,167.1972303459594,111.59763217014995,299.3091631254347
2021-10-27,38.840973464946806,106.4272644821888,148.7040530109081,168.1902084444432,112.21165305722022,302.04919870893394
2021-10-28,38.78897009630103,105.37877198440557,151.43140754572337,168.511357310628,111.71651588992628,304.96536712845585
2021-10-29,38.63753567118987,104.90706087488057,152.96155629472366,166.048013275482,112.13531273278743,301.4744231294116
2021-11-01,38.60352745808048,103.92199333723265,155.48606736118177,168.01191947777264,110.7148979178851,301.05504003274064
2021-11-02,38.34341388296106,104.19619075144394,154.75613609069384,165.0329379958113,110.31861566284918,313.2527841865761
2021-11-03,38.05018870328734,104.44869311458658,154.21978066658355,164.16292963523844,109.9902041122847,322.29091084041255
2021-11-04,37.25346603574519,104.51821229292513,154.89980676642807,162.63256016004374,107.95294823461431,325.77108862831295
2021-11-05,37.24104085339324,103.81006452738974,154.37338330238845,161.9517820490996,105.79983622888648,328.9285927600188
2021-11-08,38.118610355398374,99.15179089421979,153.44986341866598,163.793446872124,106.41584814448845,333.13747893098576
2021-11-09,39.08325829153821,99.28910249779253,156.73834802229752,162.58176412096063,106.64919931876908,331.66140795927754
2021-11-10,39.74115169790074,96.9659416599723,156.4023868910678,163.83423975877182,105.46731758046532,339.95264764980067
2021-11-11,40.097707552176246,97.28555985584163,154.57050639308397,165.36647911771635,105.37453471439602,338.5626177205573
2021-11-12,39.75899077285864,98.70262259057907,155.58307995020394,161.93103185617264,106.279184370626,338.4013894817762
2021-11-15,40.489902919828026,99.06502352688605,159.28540534010833,159.6583903434751,108.74902097807515,347.800380253871
2021-11-16,40.462886620118944,98.60128398037719,159.50967579470117,158.97869187964352,107.60395380146109,339.16215676256905
2021-11-17,40.42939449487038,98.39916562089888,162.0665921685939,157.88606134693438,108.46643562516827,340.8643444379431
2021-11-18,40.282924620262335,98.255396824493,161.2377268427969,158.58860054241495,111.3810680266613,333.8665584605039
2021-11-19,40.33122432236498,97.59874848226407,160.3050805679053,154.86291134135166,111.5133943513521,331.3605775879267
2021-11-22,40.1122773671334,96.90430060955762,158.97973062767494,156.36333504942593,113.59350770101774,331.1626259972195
2021-11-23,40.0715490553611,95.80340149102688,158.75447093177348,157.92600611040527,110.06577553148958,329.9005286933931
2021-11-24,39.52927753700299,97.26915342355714,162.53339481380428,157.68044421154937,112.09359308818486,330.7869804132989
2021-11-25,39.34518339525407,97.27093666467246,160.24670039554016,155.0440191216875,112.12091160847243,327.8363053482149
2021-11-26,40.493665583551234,98.47103255790553,163.65010859211677,155.14232302715,109.59400767036111,327.5924612990149
2021-11-29,40.45978171884014,98.18233958725669,161.64689698231575,154.18214375639843,110.69492405967927,322.98806186464014
2021-11-30,40.339909084457226,98.29271080086734,161.23411670955693,155.37431411594866,112.18004789363042,321.61427857516935
2021-12-01,40.613001396802595,98.10295985785714,163.00425765771396,155.29467325430048,113.90863279790563,316.3044003994734
2021-12-02,40.978577317692995,98.69783488351955,164.36767060126624,156.81436523181506,115.6509607335069,319.0564645250398
2021-12-03,40.4091780887748,99.75248082354877,165.01690898713474,156.04850127271447,115.65119910838669,314.1466583782374
2021-12-06,40.30544884082629,100.07563058157528,161.68609613792808,159.00022080763486,114.63040108735618,317.0285375825567
2021-12-07,40.77607602392728,99.25092167632906,162.4888505215177,154.53673375091066,114.02190048375448,315.57455514605095
2021-12-08,40.916559324924094,98.30147155456693,160.4717142119827,152.65686837529202,114.01517575186972,314.5577512490715
2021-12-09,40.981101181599975,100.39946381192034,165.8148481536091,153.69034935095792,114.63064059951566,319.368650229409
2021-12-10,41.79302579039903,100.06730497652211,165.43390266899587,150.87740208586925,113.99358485848393,319.9695259862557
2021-12-13,41.439313301312296,99.72234285472301,165.8922151463845,152.36865689312256,114.10430926307608,312.6989836300771
2021-12-14,41.48418248850822,101.60181476594163,163.57638707171313,150.13535053142184,115.38953087347971,314.81355455744966
2021-12-15,41.21489701168241,103.02600631300952,162.65569188598042,150.39646372230982,115.89699029007095,303.8349890957234
2021-12-16,41.997730046428764,103.74349479555455,160.09364632470633,148.75691738515096,119.2723798880502,305.0077925582222
2021-12-17,40.97917960765918,103.24489822190216,162.14872546908668,148.01570381489333,122.53933965144743,303.65521039096717
2021-12-20,40.63626173027922,106.37447030398742,161.6772912223552,148.4253176536887,120.85837770730747,298.57901327863493
2021-12-21,40.36785280119204,106.92534679232025,162.8908049075658,148.3131450687164,120.05811692574594,299.0320548024332
2021-12-22,40.70835042189001,107.68782716906772,161.55472960431536,147.68552720172264,118.17529373780044,298.047783514883
2021-12-23,41.02211358525785,107.47895957232376,160.6003619869919,151.8321147016261,116.52993339178646,305.7424615293339
2021-12-24,41.75122344861076,105.60342350520989,163.2915894557439,151.93389155205742,117.36240105890258,304.24211337327154
2021-12-27,40.93303700690575,103.86465472020463,161.36747205523213,150.1731024801916,115.9746019319119,311.85415161173194
2021-12-28,41.3235380706255,104.42095603824971,157.8076721816518,152.0240621369937,114.52558629970753,317.4407090765387
2021-12-29,41.17276401888746,104.96020267393688,158.67912171826111,153.69062744730144,114.18629339145357,315.20357981482306
2021-12-30,40.830549482626125,104.66574036694853,156.47456968679768,156.16490892106998,115.36489212758794,312.1820089119039
2021-12-31,41.11068938892474,103.15413280385947,155.67112915018012,159.81124310011336,114.90178697881592,317.53149058633767
2022-01-03,40.63847116532254,101.3191472384261,157.5305480736276,158.02011827223183,114.43766446145787,317.1630743394605
2022-01-04,39.59046150526353,100.92313264607705,155.97487534950764,160.23389121411523,115.7876526895131,317.965906721237
2022-01-05,39.40779290335341,99.10976391265015,157.77204819786724,162.64268255930574,116.50845424309092,317.1278320814645
2022-01-06,38.672669252940004,100.26007067615296,156.48458604831225,162.73510315213397,117.21101784136602,312.54476538211367
2022-01-07,38.35930919389052,101.74849303081713,159.51328176699437,163.33054126874612,118.63741950740669,311.2618872103048
2022-01-10,38.54082518573302,105.46306318674803,162.26175574468175,157.35556642227903,117.20463154176144,307.72116513121983
2022-01-11,38.69415611145292,106.6594261643236,161.36367562630898,156.3098737344868,117.56086557144548,302.0580364245143
2022-01-12,39.477122231375446,105.88842102615259,160.99336275868367,159.96101332804477,116.685648134507,301.11482929221916
2022-01-13,39.3795083852898,104.7543669322202,159.37670683962577,156.488336706478,118.22109163192373,308.0662498563743
2022-01-14,38.62760242263633,100.31797050512466,159.8409570542511,155.5233484530364,119.46474633208638,314.5201896014997
2022-01-17,38.262904163391205,99.59024654340504,162.2350774317518,156.176537121328,117.97434603811311,314.44558579819665
2022-01-18,37.82375699738731,99.38973691337561,159.36670140469894,157.40182405651166,119.9883050863405,315.14809582482684
2022-01-19,37.24932876506511,100.63059825334285,161.2821793715574,160.76134209917436,118.30928725267854,317.34472247105344
2022-01-20,37.455693154420686,101.43072897865376,158.675994472289,157.3188945831047,120.07960707795577,322.95959762907466
2022-01-21,37.15391828995913,102.20727795226102,157.02763043343182,157.49240244623846,120.42933640181103,324.42217193817874
2022-01-24,36.241191709866875,102.50469768528028,153.59015420715053,159.29718723400444,119.18077826101654,322.66374522572977
2022-01-25,36.56225590987101,103.38393660572771,157.77917496113866,156.77076365277605,117.5849773837288,321.26028473348134
2022-01-26,36.51241313743513,105.30932054995989,157.95732308055864,156.7807117844727,117.18579449590771,326.023791187437
2022-01-27,36.678387986456386,103.92817415761489,158.50678057902172,160.63870564483202,117.19409333806007,337.003311050529
2022-01-28,36.72873237298463,103.3532642304315,157.22344429513115,163.41740475409603,116.2101641730541,334.55288730711425
2022-01-31,37.02365865340496,101.58270580532923,159.4131740956147,164.62468142219828,117.06651781131221,326.2468872028271
2022-02-01,37.04286683345934,103.69778869539424,155.3049748495437,159.38097365789557,115.0953421237383,329.7521372363644
2022-02-02,37.62580713658598,105.42861531624803,155.4175871853948,159.20916326104637,115.12727728109222,329.61348168235935
2022-02-03,37.82930766981792,106.45541586441512,159.86130772295184,160.0763299249414,115.1706542586013,330.3656438380025
2022-02-04,38.0181397506173,104.88245263229642,159.15555755638997,159.54529116582142,112.57196140138379,335.7062395893016
2022-02-07,38.21648350885984,105.13375637823374,159.25186427816877,159.5036610772384,113.04589416387321,336.173072292247
2022-02-08,37.523023327775284,104.84588577124973,160.6688202794091,165.915372539773,111.3306161074472,330.81050441244514
2022-02-09,37.44675910717514,104.97519962372452,159.09647844248576,165.5609321394853,107.97652849249869,322.94570910314644
2022-02-10,37.3260983215096,104.7491399488557,159.204177197558,163.64289729434145,107.19719626245448,322.9288417351764
2022-02-11,37.425313024895374,105.46017819752139,161.20612119170292,164.23690539548093,106.93264204335793,318.44747102727706
2022-02-14,36.79158091103582,104.95935655197766,161.66427268032527,163.67721901006846,108.17760108827649,319.78119660196614
2022-02-15,37.5583841519211,106.11825196076899,162.48483600115355,163.13161741733555,107.56638230078393,314.8830883132989
2022-02-16,37.609304844643866,106.46429086750285,161.83399856173827,163.04455355055885,109.58947213932503,313.66521213047434
2022-02-17,37.04117030782827,106.09463776733723,162.54196232369284,164.73514343720097,111.6026574054246,308.0992373460057
2022-02-18,36.253638025222656,105.96793736548653,162.71946887820593,165.3219482403316,113.16676606171326,306.86771233399367
2022-02-21,36.126820200274224,105.4039357790338,165.79443070454957,162.93013766837845,115.08151937746719,305.32103814975443
2022-02-22,36.08745903617663,106.5131272001187,167.3795609532492,162.74964078584634,115.624613488382,307.7781175917427
2022-02-23,35.76377332390696,106.17220934679219,166.93138172117492,163.81767148155035,114.86991273263105,313.18277762267974
2022-02-24,35.80672304871588,106.59023973476236,161.92686609733403,162.94696103592693,115.83934517882899,312.6337905493324
2022-02-25,35.520048999246065,106.08730640435034,163.457158735677,165.4160108606102,117.2811579817218,309.43898123240814
2022-02-28,35.76920117734904,104.14312565096837,165.0841381267262,167.13769027086965,117.67170325891304,317.3080317430696
2022-03-01,35.44557900493284,105.3613941291023,163.25154076295823,165.1573984333497,117.35661315756505,318.93490007470274
2022-03-02,35.429795955642966,103.98840828399558,159.25457452589842,165.91763102712622,115.13603756417325,321.5723715695447
2022-03-03,35.87085246723176,104.90449279021153,157.04109012169332,170.2125877758021,116.14805575424379,324.22114295288253
2022-03-04,37.05357068032418,105.48387070178005,158.94611764894913,173.6893084794792,116.69828382960249,330.3843186485542
2022-03-07,36.58759663923536,103.327988406179,156.8890966720175,173.66404402106176,114.86868921344421,334.78891555809224
2022-03-08,36.375545722331566,102.12736380287744,156.0440877844953,175.73812982278625,115.05199023411272,337.84281756543857
2022-03-09,35.99411580960213,101.48976191348542,156.53884254541632,174.35066755988635,116.13052464707752,341.30750585999186
2022-03-10,36.353001250790534,100.46728336571958,159.03410083499296,171.29514025167273,116.01474449502778,337.8386399954283
2022-03-11,35.832372938877874,99.00335417732377,159.05956897652587,172.5928404500511,117.19132212768493,335.457873765537
2022-03-14,35.615791258739854,99.95222731346907,158.9203140606071,173.22734537773334,118.33703586473975,335.20206585610384
2022-03-15,35.60392396847061,99.67243370000648,157.88658256869934,174.45137514870922,116.22774231710969,335.7890313210855
2022-03-16,35.169011774059626,100.17940980173341,161.2264867388359,174.49539683461958,115.83504027213102,336.06220869011486
2022-03-17,34.74875931630211,99.65887112734433,163.46987581732907,175.3122578643019,116.57622599184545,337.56522837251333
2022-03-18,34.54252817613613,100.06441511361932,163.33759178255698,174.28120056383588,117.95360149612353,337.8745708560116
2022-03-21,33.64175112398676,99.14315379980398,160.55118806848978,175.42227705691008,120.08150193813385,336.2601411755344
2022-03-22,33.03594652811822,99.13127773191688,159.0223880100077,177.373095904053,117.29501402415386,329.6616131097943
2022-03-23,32.86578672519355,99.88203734122762,160.24993155766805,177.3425187672581,117.24030317244882,333.3386435394226
2022-03-24,32.928528593517484,99.96019061708228,158.86166519992838,179.27192048794933,118.33013356979869,336.00662752077045
2022-03-25,32.85285788713136,99.40746892888288,160.72008747412517,175.41515445081367,120.18736280528988,332.5114372459101
2022-03-28,32.12801904999653,98.07679808255791,161.51646745713268,173.78405793867984,122.77899450221796,334.7943091071802
2022-03-29,31.942104874387287,98.30521603897085,162.17614397136782,177.0754897862773,121.4036789426319,336.65732857850236
2022-03-30,32.266324227631976,98.7545302601152,163.5803934000928,181.151667848382,120.88552991348267,337.16348680616983
2022-03-31,32.49437581435796,98.45469975086932,164.6752046984056,181.82693638265388,119.35435396436006,329.6531278200988
2022-04-01,32.46344136920858,97.52593103575465,162.9738473428504,181.69267825468614,120.61769523288025,324.885042591672
2022-04-04,32.10380144496252,98.21593679787769,162.36933054234345,178.91401231248253,118.69027354729887,322.6305050757495
2022-04-05,32.361411487163934,101.35707131633049,167.29209547096818,179.83673850502032,120.4936201994244,329.43918495767764
2022-04-06,32.127506787625606,100.9932077597735,164.8296779172592,181.71151131873447,121.94867738225976,326.09464506071794
2022-04-07,31.658956989526114,101.44431919697085,163.91088075314636,178.4511744498463,122.73382245205919,324.86757528269004
2022-04-08,31.341847824077114,101.9496494937719,166.19109324128047,179.81346023562742,119.50572503574824,320.55143348421086
2022-04-11,31.92027263658477,98.72704555835104,165.9224789758774,181.03045779269806,118.54483817900909,318.76116536540945
2022-04-12,32.0102128699703,98.90242235512986,164.29733389441142,182.14137282750545,119.69714655586965,320.3253365120093
2022-04-13,32.4824462052162,98.04697671488087,161.64398023870862,179.67347030316745,117.64711611233871,312.26423858410055
2022-04-14,32.288154825341046,99.79383746548748,162.8026074883587,181.00618958747225,117.33824979543921,301.4986417032242
2022-04-15,32.67334776541189,99.49633384581217,164.97217051476844,177.7223385709319,117.22743177420398,304.198334989026
2022-04-18,32.427963982466125,98.54753819829463,167.9729049158148,181.18896156395525,118.57466092011933,304.5108819243298
2022-04-19,32.36499445119944,98.29768788704283,168.1521537404903,181.60011815980187,119.03438580457475,302.3806034591522
2022-04-20,33.39620169970046,98.52528972385018,170.44688862194164,179.05803558026932,119.4837992230324,306.26783719266086
2022-04-21,33.7218845164481,97.85368983954888,168.30853276182313,182.2211792173172,118.87279053006056,310.2123305376432
2022-04-22,33.510959952528125,97.80974354548222,168.73080224337502,184.9940896603696,118.92250725924781,302.31703403608657
2022-04-25,33.47649702219015,96.1757911553471,167.362007162194,183.58774045870427,118.76560757207628,301.8566739642647
2022-04-26,33.61570345427094,95.92379113325161,167.79419962218515,188.86364455119042,119.8886299409277,306.27346463728674
2022-04-27,34.1336375741402,96.88656674670376,169.45462950691547,186.59449421393276,119.66311202187687,303.8851989441596
2022-04-28,33.925282132116436,99.34159878798083,171.8206826560562,187.4383494239347,121.25458856634319,302.86583973613165
2022-04-29,33.19043215334165,100.25129061007388,169.75710702135044,190.3588156016968,118.76023976010241,306.7009378698332
2022-05-02,33.07501531671322,100.61690349456154,172.55678310720532,185.09450056269023,120.58976849447947,305.8473163414812
2022-05-03,33.08273993190545,102.15064178407364,171.5952564953038,187.5503322791453,120.37631672315744,301.4519760755454
2022-05-04,33.12974188804784,103.49284211171033,169.4578823682577,187.50309805653774,122.12082386267589,299.0341575644136
2022-05-05,33.68524286883362,105.70785300618412,169.15981044860928,187.57167927554198,122.29012360762694,294.25892607960117
2022-05-06,33.82125358218785,107.18257113319126,166.13593662322972,185.1483452304914,123.64048162417296,296.490587364041
2022-05-09,34.17077965393284,107.04646546405044,166.21014430828936,186.0280880781244,126.00436701174802,290.2961684234474
2022-05-10,33.70134800651953,107.41860698293819,166.8827942663732,183.5485476814901,125.18108135926015,294.15086109393013
2022-05-11,34.07323062201404,107.6844209907732,166.52679016971476,181.42479881127176,125.34855231873262,288.2903451939788
2022-05-12,34.98647716981182,108.1182789887268,167.72070528770521,180.5059551507031,125.1261725405918,288.6221313528269
2022-05-13,35.33023258433426,108.41472268252343,167.12205399134027,177.83645579812406,125.49359239505675,283.50811658459247
2022-05-16,35.444682044918835,107.37426201664259,167.19559167820938,181.4975918350571,123.03077625199394,282.54709433908226
2022-05-17,35.51492320932861,104.58827713179912,164.25211946747996,178.58516446764582,122.81031016440716,286.37293880713406
2022-05-18,36.32508460631759,103.72917360975909,164.40437083515417,176.99471575033306,122.47114567340775,290.61654354442015
2022-05-19,35.904650677922106,101.13659745226424,162.71430075719402,176.39002254396976,121.31910452249208,295.6011617266105
2022-05-20,35.855850831890486,101.24492113661093,161.85779125904665,176.4973846392744,121.06615993273036,295.4420153603252
2022-05-23,36.06578060336718,101.27240666999066,161.72975473631703,178.36856288996617,118.80338798305198,296.01339800838156
2022-05-24,36.40687846087232,99.17817829106016,162.18241861004515,180.31857166072044,120.929425576492,297.0532763260775
2022-05-25,36.20827175764252,100.06324167594661,158.91422552061047,179.7330976442679,121.64462180079683,299.53944475914824
2022-05-26,36.35018024247147,101.18374018907068,155.87527444215678,178.96629930178116,124.57245720820603,298.210761687639
2022-05-27,36.22456078491097,101.32771616526844,155.3437689827701,179.14622266677458,123.26527059339561,302.5461684158284
2022-05-30,36.281023632627694,103.5013736744362,156.3357777252894,181.1132443478392,121.5275558336854,303.9655286808141
2022-05-31,36.22213243352399,105.99372984024362,157.10802397812347,182.81476941535644,121.9951413790939,308.554961912164
2022-06-01,35.70630483839092,104.4177969145609,158.94694776361743,181.73168387292546,119.52718062764836,310.59693742293274
2022-06-02,35.69822457234204,105.81324200038432,161.63672779882626,177.17736904890458,119.902744291645,313.44193449425046
2022-06-03,36.09634842814049,106.42538392692839,162.71411368985264,182.12891071839837,118.89632332867424,310.7535917389803
2022-06-06,35.6606594826632,107.01069028817143,162.73667520932133,184.42911539545162,118.4403438417152,309.30887421495686
2022-06-07,35.553916462501725,108.30116992060321,160.69805141378012,185.1462655283858,118.85317789880071,304.49465029637645
2022-06-08,35.85436948337891,107.34732222653601,158.85577296345772,186.0469016816192,118.95851303923853,303.5387844780565
2022-06-09,35.375733515339924,106.57198520624347,157.98495334087127,184.93249020217655,121.78596286156501,303.0421838134592
2022-06-10,35.458634810048736,105.49039122413325,158.5799210262483,182.71767261808426,122.78608562402381,306.4272009037641
2022-06-13,34.98957299697407,104.51423477955761,159.08340032420017,182.05645352145595,120.86492359508924,301.7814033554143
2022-06-14,35.49474956320875,104.40696989210382,159.1537872585413,181.64922639049095,122.38627255102584,314.51276262464415
2022-06-15,36.545690744112626,102.53656381666013,158.90963613856488,180.32550863927145,120.3997887903816,314.212254910309
2022-06-16,37.49025315204181,101.21619910799551,160.239265809278,177.1450181686297,120.56613871064265,319.4169403592754
2022-06-17,37.3883533738738,101.97720138922492,160.72289617281766,176.54823538239344,118.7446494620673,323.8151976276069
2022-06-20,37.74015186080852,101.90790487500972,161.3898951221993,177.93558058027807,117.56237512877553,313.8781922282389
2022-06-21,37.79922782211027,102.42272119070172,162.08128643958585,176.92926033589654,119.53660643497483,313.02407105022047
2022-06-22,37.84938647388011,100.03502909200522,161.0321802132285,177.07799995076869,118.74571078070032,319.0731958891306
2022-06-23,38.59622056857642,99.07321065425747,159.01615152663777,172.6152343226788,117.83185696255126,309.65372951351685
2022-06-24,37.961555150559,98.40343346985665,160.06537034680636,172.26133320336288,117.04421278208869,312.84836557373103
2022-06-27,38.47116831434202,98.46487467413036,160.97055445898886,172.09379768829695,116.62336611543647,309.43865399721136
2022-06-28,38.44896312678351,97.76119134116604,160.5873895839659,169.55135879394751,118.76875544113346,307.80302282098023
2022-06-29,39.13891948262662,98.93859118366912,159.8105934801627,165.99028846656816,117.07124123960322,308.8508928674161
2022-06-30,39.23291082301833,98.88716397245746,164.52847524008175,166.9478202184349,115.31503357116634,301.84860624256896
2022-07-01,38.90336568637484,98.92956044673964,163.0256272767389,165.3466437596142,116.18175041336619,302.7671248206261
2022-07-04,39.04098889280956,98.96764088070339,162.64265634445186,166.46090169440794,113.92844538043369,300.48427510548885
2022-07-05,39.40623639245507,99.87575873172155,163.2510980757676,165.67529726152594,113.44099991971645,297.8309354561386
2022-07-06,39.42556052823643,99.30534775373704,160.95687065769224,167.07536529439713,115.0801752409619,300.64632433857196
2022-07-07,39.67029763238139,100.74116879202518,161.25748419604037,166.4575076803389,115.11156930105288,314.4090468467745
2022-07-08,39.41198391421387,101.34849483280796,165.01572412304643,163.41973430209887,114.45494582445798,315.9504669450598
2022-07-11,38.368054631293646,101.56713316164688,167.03365003714293,163.33381732773205,113.47577728104078,318.3413658729261
2022-07-12,38.807134809937324,101.64233244985648,168.43487116409892,162.75138915435838,112.21556178339878,318.31792037641003
2022-07-13,39.15203434122896,102.33273437470494,169.76276000559125,164.19740810203632,111.41956345594032,315.6086970712244
2022-07-14,39.22675103973743,103.6724720595973,170.06852404280636,163.35994191276762,111.6341522307738,316.8166514682671
2022-07-15,39.26213282975259,104.93734267828692,172.20143816257982,162.6445695239282,113.40105776217986,323.1163722687843
2022-07-18,39.779682625898104,105.45803636748676,171.93047136964628,164.50882340279315,114.79762553776041,324.0689909598167
2022-07-19,39.55281922712867,106.65219414461849,171.0835760555935,167.03808383874417,114.01627108398932,327.90860249966676
2022-07-20,39.20385815590886,106.83424024796449,171.37029647657525,168.73904696712955,113.0057919474317,327.15402179000574
2022-07-21,39.112391767018316,108.5567041875211,173.40437336041336,171.05614548599152,114.01020523314726,337.8952084856035
2022-07-22,39.70432964108946,108.54357778689442,174.19548494544802,172.13478313010995,111.48372823741454,331.1311674720846
2022-07-25,39.018033758854365,105.7652186583983,175.75050886810175,173.911549261231,110.89623720577224,333.76393286988167
2022-07-26,39.609907341836475,107.58613052237307,171.39191075002032,175.94567736722163,110.46755677773682,336.23253382582925
2022-07-27,39.29373635803748,107.75550548114619,174.05525549303206,176.94265280442383,108.96864073287655,337.5444402326154
2022-07-28,38.75410725850164,106.20008474334121,179.3340930646835,177.18281557373615,107.64386987061187,333.00788979731624
2022-07-29,39.37581177410287,105.95789609075803,182.44661450944633,177.60048095165794,108.1263676183523,328.44155543590875
2022-08-01,39.3293356849566,104.80702874639869,181.78867041119778,183.1670037993317,105.93718042149283,327.6417588803944
2022-08-02,38.691849276100534,107.64031740678537,179.92576859141585,183.3018311671205,104.75130286141882,328.22299183336264
2022-08-03,38.51890022048019,108.34058190485479,180.6260692827239,182.8587751530063,103.92107763427039,323.4124992629368
2022-08-04,38.97494002898487,106.24313393705751,178.46332904396095,182.12411148371652,104.03677284215375,319.26137823569604
2022-08-05,39.566281643864336,106.99964280229433,180.17248310355154,182.1502279736159,102.28547334216269,321.68647148253547
2022-08-08,39.35551143132731,106.48627787932574,179.0533794956018,182.81450544528465,103.68531400821178,326.061621671332
2022-08-09,39.55906493189431,109.11251706646318,181.30416390875257,180.32929408431397,103.29511662334107,323.926144494224
2022-08-10,39.9181526086495,107.69801699222184,184.51417232519347,175.9843849387658,102.96670424842073,321.2471328178832
2022-08-11,39.59684031852592,104.71428506631291,179.91980012296125,176.7397947022933,102.50772839943578,318.4742151320612
2022-08-12,39.77593343308475,104.82368057193058,180.65492896578127,173.29713920369682,101.65579519436567,328.73593490911543
2022-08-15,39.76153947968648,104.3874293081641,179.14223772063724,173.9609293629834,100.42525149556545,330.93068185232335
2022-08-16,39.495490865708355,103.86324252306359,176.0569365032711,174.3676270010026,101.87021198323076,330.81534236801156
2022-08-17,39.25291509724685,101.12043842427306,174.76086344406843,177.0185661220258,102.1276932922787,335.196444500552
2022-08-18,39.28763935171961,101.68744500646063,174.34727196074883,180.88484501042416,101.98704894873858,345.1981173604215
2022-08-19,39.30397859293993,103.87625107188194,176.70139076917098,181.82711863134855,103.25473973353114,350.4948742242655
2022-08-22,39.0265010322572,101.42938328539661,173.4140710749638,180.66433118837426,102.34212450570469,344.40611013704404
2022-08-23,38.81917042017073,102.95923594248258,175.79351432162198,178.11035414177127,103.14193050086178,344.1947718028623
2022-08-24,39.36907544344961,102.24606081629014,180.39054301157756,176.4418736633771,103.16504273146788,342.602917592013
2022-08-25,39.476843998344435,105.33979200359943,181.82417027865614,176.63026591034543,102.02431238951044,341.28073501830266
2022-08-26,39.92110356675779,105.94273462182326,183.15031787959794,172.18176723483677,102.98486330483395,336.2362178419254
2022-08-29,40.531778264523396,105.71495601447316,183.1905750452698,172.44221554905252,101.08123235979836,334.7297901490123
2022-08-30,40.83521053837036,107.22046815954025,180.56878366075665,172.51320581906566,101.89309340739784,330.33105730248565
2022-08-31,42.022066512100345,107.95654510195897,181.8603087349605,174.01761095500893,100.76954707134041,331.8938652878396
2022-09-01,41.589041311428886,107.17669504255304,182.81341423547255,173.38320795224752,101.27175697011815,332.22752461383715
2022-09-02,42.0164575775927,108.16317928599078,184.57799873857758,173.704120419884,103.01153672510978,326.49492164322
2022-09-05,41.85004339501967,107.49250548079172,190.7236204409213,172.19757315509864,103.72745416986058,319.67546984140085
2022-09-06,42.84175400197168,105.12000307561715,192.5553093166345,171.29029746600926,102.94056525160147,317.88279767734724
2022-09-07,43.77121467726558,107.86846039086419,193.66614711976132,167.60040463830217,102.88878980707483,320.64217024190697
2022-09-08,42.70838786535169,107.417432007417,197.59177487905825,167.95629720711088,102.40424684786416,322.7871702314189
2022-09-09,42.19190817796721,106.61923204274919,194.34674692590568,171.36222731651557,100.90723187296719,322.65327211579574
2022-09-12,42.54820599423354,107.09814865889489,191.64335299592304,171.8104973612736,99.51291115831309,309.60303224410694
2022-09-13,42.975438973014796,105.03676822989436,190.8137534700267,172.70150473024168,99.54821075787073,307.80484195053987
2022-09-14,43.37782150377694,103.28284164785413,189.31937339931264,170.6749395813337,100.19449991232858,305.0689000676939
2022-09-15,43.34083007501936,102.65671822147682,191.05608482155745,173.87852363812166,98.00429882959934,303.90679102683185
2022-09-16,43.591789330612336,102.00858695698142,190.36752164910484,172.30341377932672,97.89515149415506,299.3852481258997
2022-09-19,43.95365545968908,102.12290113094079,194.6623507347442,174.15084537778586,98.48979505296577,297.87662765092824
2022-09-20,43.912296816718744,103.59967414866884,198.50439656979216,174.4848015876236,98.5999469989651,295.50759135221506
2022-09-21,44.48610358232612,103.00487237768219,200.51761955897024,172.4862407138183,97.35664598139115,305.94068732765317
2022-09-22,43.23928920749131,103.66859811077416,199.6224775495139,174.83142636460897,98.58859161987652,308.7990667497237
2022-09-23,43.58766879952576,104.47964784650092,201.2584103234766,174.963868253806,97.08662432360957,308.17305807269037
2022-09-26,43.025205949974556,103.08444582363312,203.40457622096565,175.45711664742691,97.84209128443841,308.112166611129
2022-09-27,43.549752338870434,103.40373383058638,200.76766243829096,176.55891028001827,99.77442503483523,307.7758607163919
2022-09-28,43.4261826496946,102.20482265304999,201.73025459216163,176.61056687118935,97.2527026546981,308.6349245583466
2022-09-29,42.94432724171425,103.60618357212755,203.61206027822988,175.86897672931784,97.53305003912993,307.185046378344
2022-09-30,43.14881558821733,104.22425693181506,204.24752033516077,177.00464697908106,97.88144477392332,307.2417865876068
2022-10-03,42.65791888687904,104.26827158145979,208.411733134118,176.20357738482173,98.12402731586327,311.37906589311507
2022-10-04,42.171844908018585,102.54510687838071,211.70663394195046,176.44811366131944,97.16254572137105,314.79510800294895
2022-10-05,41.348925919958226,102.71707780409791,209.59750375451478,175.06867414010057,96.75444265766896,316.15501746324423
2022-10-06,41.33665523334548,101.75103932335641,210.00813367414915,171.9095350693079,95.06088929558112,321.6515215838599
2022-10-07,41.597859549830865,102.6820804932,207.88987915955957,170.55378164749501,95.18229273423624,322.6958593990985
2022-10-10,42.13915311680567,102.5497996469157,209.4948422828249,169.5886795445464,95.78241627132552,318.848257486369
2022-10-11,42.0656456856839,101.52735169752081,207.2991602009395,169.7159269237443,94.96081909426866,312.0119502185944
2022-10-12,42.62635857655488,102.74014662933622,209.80625000077075,172.36452525596445,93.84289607764754,309.40733591152195
2022-10-13,42.6376973980603,103.70058176825943,210.9167579355106,168.829568559323,93.25888097504091,309.28768482299097
2022-10-14,42.58930372884422,102.95038472240576,213.59544852560032,169.19863265127384,93.21232369013926,310.97429121455605
2022-10-17,42.899880141303235,104.49107183237716,213.28830455078506,164.6413069301791,93.2450162263504,315.36441719942906
2022-10-18,43.477484663591945,104.121292844576,209.4921172570091,162.57770339986783,93.0871008365194,313.2122567554449
2022-10-19,43.29257849212414,103.73876233494308,214.28832755455315,161.6334497101861,93.12756238197322,310.1666929602808
2022-10-20,43.1615389961335,103.922961590861,213.9061063267334,157.19837962703394,91.59103267972169,313.33137757345605
2022-10-21,43.07587928041116,102.96425224930921,217.73325585853428,153.64841824009127,88.51171800862053,318.1569043122111
2022-10-24,43.122533111573745,102.41487937081024,219.00167835390675,154.0336739564717,89.15146060669746,316.37110814524266
2022-10-25,42.63780392768568,102.22992521712874,220.95493782809928,154.2715570531684,90.69392201499801,317.85251236619575
2022-10-26,43.19533992802763,104.2423508324414,226.19565173012487,154.13738221417123,89.07930279606158,323.5570088163004
2022-10-27,42.97968717285379,106.25337597746335,227.25569452300158,152.6704711487821,88.30958914091424,325.0031972029447
2022-10-28,43.23254357790533,105.93009643303438,231.39030953017001,156.95950188127264,88.59827573251484,324.9106589822831
2022-10-31,42.7869539079982,108.12449590232643,227.19168330256463,156.72925083238187,89.60837682761415,316.61690044879623
2022-11-01,42.98251599869885,108.08870439401412,229.7881506152574,155.12352201260055,90.28846207602476,322.09617338815775
2022-11-02,43.19681298903895,108.63149542239138,229.17804678487732,158.52796946649906,91.68425474505733,324.8600922214531
2022-11-03,42.97017687943991,109.87108221347899,228.8802628691096,159.84971721854103,91.58064293910297,325.50942747696115
2022-11-04,44.080028452433815,110.29972588517948,228.99443500775922,159.1940957829385,92.00770202707255,323.7344441468808
2022-11-07,44.28832759845979,113.7319270839797,230.0858320591821,161.69536020844112,92.43350337253227,318.8061582900266
2022-11-08,45.29279819656078,114.10559864286525,235.03150538325573,162.10615309801005,91.89811530063096,318.53474527850915
2022-11-09,45.8452565161857,112.4209606775502,229.69535087335765,163.517111777641,93.22899771624738,318.23493137500816
2022-11-10,45.46612490255055,114.30977377431034,229.91222656999656,164.093993224478,93.90519821702038,322.8097286590763
2022-11-11,45.24952271239133,113.74224169850832,227.93479760748374,162.07285294774863,95.00180475693763,318.0348998394726
2022-11-14,45.50063011033307,113.33130862900394,231.397353410703,164.1606405672126,94.49974832244686,324.01158328573325
2022-11-15,45.5375180375621,109.16256726861815,230.25670868166927,164.5855570489372,95.66411246988594,324.2871641662653
2022-11-16,45.567711874487834,110.57165105012471,231.6756798116758,162.59734618084846,94.38126297685017,329.32061123588284
2022-11-17,45.405499489373724,111.74165022309948,230.60799412651292,161.1327332122041,94.7948516831433,325.4424823225183
2022-11-18,44.384408770563525,112.89639019745255,232.64761124089085,163.17581017950238,91.73933894730706,327.0040493416696
2022-11-21,44.26028404068137,114.32114376845108,235.73283759161035,162.50975671897933,90.55841492988762,332.2199406455812
2022-11-22,43.04223018243181,116.80786719872782,234.64676118778019,162.69649892549845,91.34035552210722,332.8373055209181
2022-11-23,43.246050003262766,116.76520705009337,234.88321230754357,164.1361501387207,90.78843468013415,326.8468883190484
2022-11-24,42.853962479794326,118.17803804981044,230.80713635501064,164.49440579036482,90.93745954868038,325.6195167913485
2022-11-25,42.47112329230434,117.1007961383083,231.78703993121673,161.45179612848858,89.09034530819386,327.9626070200612
2022-11-28,42.35561964083964,116.6049678765001,234.39222084321105,162.84530661407365,90.76227277761093,322.34924428015046
2022-11-29,42.50306277676608,118.19314299023308,232.8483336076803,164.87484680613372,91.38593402047518,316.65077735703545
2022-11-30,41.74477272216685,118.80245528991655,236.2502076253493,166.77887744915114,91.31012948652341,317.72251186673446
2022-12-01,40.83679925795613,116.84834617707018,230.24848124078687,170.3069262469893,91.73275527166395,314.0595328186455
2022-12-02,40.29357925372941,117.4066459796372,225.02766127903496,171.18677943663897,92.05741118778812,316.9009445650604
2022-12-05,39.27186920052766,117.16150102940789,221.2121094356182,172.96831922082958,93.63066145510385,312.3581820156066
2022-12-06,38.79793364258842,115.98413257526326,219.95061880480782,176.56608482794252,93.83028959649792,305.3239155409566
2022-12-07,39.58498633135624,116.64547213026026,220.0877920928343,176.0196945822769,92.09513398527808,302.4689005033023
2022-12-08,39.06308348341663,116.07739591787383,219.9547428077943,180.01418382776396,91.75786124587745,308.3495811703776
2022-12-09,39.38655367961421,113.82761448280056,219.8543805222898,184.09531280040005,93.17371970948594,305.1315102138437
2022-12-12,38.713299184449376,112.2692714683835,221.95407927218773,186.02538125247034,93.78165375139949,305.2354677210856
2022-12-13,38.86100988597513,114.82439128026328,220.7236018272017,190.4947242859892,93.24821301525675,306.313333694513
2022-12-14,38.70631815612494,112.67774206272912,217.3220993063175,192.65892889270316,93.90368791545079,302.7871719752384
2022-12-15,38.67869605139727,113.01869344386134,214.02636879843374,190.64043131477422,93.98995892379088,307.11549905126463
2022-12-16,38.95840605129156,113.91510768076253,219.88511213511237,193.5009355686642,94.64978225182594,307.93100714380466
2022-12-19,39.831609030024296,114.86078298447566,213.54769463131112,194.40781152063414,92.76865281506366,309.79648788827797
2022-12-20,39.93102320786327,113.12524936303797,213.15669643077987,195.5333441033456,91.70014013934211,303.4141974793565
2022-12-21,39.99522227457903,112.69205164426039,217.19256338596898,196.02500629016234,92.40839359641357,296.90946472240057
2022-12-22,39.50931258787939,112.91639521736985,218.60426197667837,199.52411856580412,92.10724725814086,286.88120952317416
2022-12-23,39.8023309526488,114.08498513568958,216.41557884139576,201.03072524852675,92.45936333627274,286.315992872403
2022-12-26,39.680700651421844,113.1859676425994,216.50571946649586,199.38846098195395,94.66928262212024,285.609583932292
2022-12-27,40.10042472076884,111.56284697529566,218.96025023634826,200.72567192951988,94.25755383581996,288.35149919492824
2022-12-28,40.07993996190389,113.00517493675603,222.40506589160506,202.6926042112131,94.48955136677137,293.93440306872793
2022-12-29,40.97033882695096,114.61417943872554,219.984831219331,200.9613409297818,93.79455584538829,293.1213619396152
2022-12-30,39.961066574720626,115.17449061722125,222.18899671482103,199.97748743728366,93.02697993299827,292.25515763845505
2023-01-02,39.81359856128287,114.31897603932225,222.9836506707081,199.12687722014098,92.89322667879324,294.0486206087107
2023-01-03,40.25981534491311,114.9309573828414,226.19592196370843,197.72041685207134,91.19830275323369,299.90753110745186
2023-01-04,40.08391813245126,115.11401230768735,230.28277524002337,198.7031218881091,88.8186627699146,296.9365407428356
2023-01-05,39.68742749612862,116.36018967516061,229.3780826237209,201.38082052297207,90.27816703728733,299.42185647290034
2023-01-06,39.55627539561595,114.56787077948529,225.31454313033527,206.35600276018553,90.11643288066429,298.62122530723445
2023-01-09,38.876057240668075,114.76039568540277,226.52908690479126,209.60356822420087,91.32501206771471,297.49409078630885
2023-01-10,38.935908605395454,114.55518920226984,231.74684041227127,212.43977416176315,91.41531318958329,300.701622840352
2023-01-11,40.153256155805984,112.98898020747957,233.84815215928043,215.64315482447492,91.53587580292302,297.8492590665088
2023-01-12,40.73832356352805,113.32065918275634,234.61846705155662,219.42521768407795,92.24717832141106,293.99151057078507
2023-01-13,40.17467176386996,113.39481884401992,241.91825250688348,218.50936312927738,93.01853416279204,296.6017670458024
2023-01-16,39.73662714902002,112.83425290939039,238.8619246702554,220.55143881227266,91.60320039377062,296.64003467996884
2023-01-17,39.53609104221695,113.42294781268622,241.688851152958,221.57347032636451,92.92797089222223,295.7880855413904
2023-01-18,40.0411665363664,111.43738415266675,240.051434246372,221.33737108525818,91.77671757559659,295.4236012102555
2023-01-19,39.63045971666493,111.38596350429202,240.29502336756136,220.1963722741201,91.95946127466846,297.41457846455904
2023-01-20,39.288882523390996,112.01702985392063,240.660138528637,218.9224020345642,94.85026878417843,296.16335036567676
2023-01-23,39.730854173806705,112.44266939646909,245.39207595951893,218.30746755859715,94.89538782230245,299.1722489711918
2023-01-24,40.167626090163886,114.002398473276,242.6095752084758,215.05876514912168,96.81345461040254,300.87571928802413
2023-01-25,39.98048302007607,112.31429842340718,241.07326279014686,216.59901067136073,96.35098630766923,306.6917199010613
2023-01-26,39.42296828118437,110.22436333021506,236.37522104074174,216.6613499262747,97.03260244855686,311.76961417202716
2023-01-27,38.66223681626024,110.58054962570274,237.923093167618,217.07324021168006,97.04439723693625,315.30299071742735
2023-01-30,38.324775444073246,111.24031708726677,236.6454889936025,218.12436820022563,97.49509667371724,314.6425171036132
2023-01-31,37.264242670715255,114.27575544774837,237.99945128816566,220.24973192178552,96.42553954868025,315.257721263986
2023-02-01,37.619432940735344,115.19165514782775,234.89424208025585,218.73700556767207,95.29369141601374,313.0542492030605
2023-02-02,37.323486457657616,113.95468618975454,233.92404298077923,218.56745125938494,95.63960946277895,324.6653447843132
2023-02-03,37.551983697762346,115.14246476047126,237.09825295709715,214.30343531583097,93.77020096267583,323.9101134468114
2023-02-06,38.44791885871641,113.94667011539975,236.67012593567188,208.51038311679147,92.75434256789227,326.3412282861238
2023-02-07,39.021883647387945,111.857422318401,238.63579010871703,203.589235456426,93.4426260705925,332.13799215514047
2023-02-08,38.46156206761244,115.62022669286252,240.32295791238204,207.6865613833079,92.69105070773303,326.634143623048
2023-02-09,38.88663215231311,116.12070517674573,239.34906466575532,203.07661426652686,91.63694403959549,323.40433110402836
2023-02-10,39.45961938700065,117.1965018466391,234.78282672219723,204.4034875308905,90.35066771498191,321.9521377452217
2023-02-13,39.09186266235586,118.05686090702142,237.80825739031786,208.36068394719342,90.46890155303085,318.09301478650144
2023-02-14,38.62669429561757,120.80898811310855,238.41296268073037,207.27922056290387,90.01947913631525,313.19851034470634
2023-02-15,38.57488025564479,121.26817057672002,241.47872185776743,211.69864987913667,90.1403435815599,311.3157258053616
2023-02-16,37.80589106801928,123.1693475641568,235.52398586040738,216.80553089701732,89.8869463952236,316.5840373616425
2023-02-17,38.5144748225076,121.61154940139717,230.75476657095987,219.5268213686691,91.9110999951134,319.6442739428502
2023-02-20,37.36629471696126,119.5227404031496,224.6960477716851,226.3154731275149,91.37321877968633,319.9427484668654
2023-02-21,36.850320172370935,121.71641408021804,222.31390349806742,228.2266267104393,89.15453013054885,320.21593120085817
2023-02-22,36.726838711427206,124.02580338659659,225.33914683552052,226.2690261966788,89.23759511136033,313.73732533583495
2023-02-23,36.62336563139581,124.85317687705944,227.04002062482212,227.89642635641334,89.19562935127887,316.66241752178615
2023-02-24,36.70155381084053,125.23612030533175,227.03061897051316,226.76227941985968,89.32268669431997,318.52799845705766
2023-02-27,36.8287468777692,125.52548829235518,227.4947713177046,223.20450702734115,87.53325222217663,314.37120727470506
2023-02-28,36.73122201535054,124.46855311444477,229.77513903260945,219.778866788671,88.71582968334212,315.35198399383296
2023-03-01,37.26260337810937,126.9321129352069,228.99114307782315,226.41412679605455,88.63753813074926,314.7473177632487
2023-03-02,36.27309600687117,128.01760626866744,230.22617951649303,225.01664911850224,88.54681003222954,312.8577990760978
2023-03-03,36.27446025855748,128.86378273169356,230.72219452300234,225.09149001419053,86.79799050508235,309.1409087859921
2023-03-06,35.95077654713167,129.5036307342038,224.53893169133897,223.36189862824764,87.26089906370085,306.676809039895
2023-03-07,36.012275973183414,131.25285630969861,223.53983005651568,223.89694765614664,87.14747884187064,303.21024017963504
2023-03-08,36.114009853966216,132.1189189352409,227.48793811272049,223.3740317095171,88.56191865200945,305.1358229875017
2023-03-09,35.70292410607763,133.3940265742058,226.4442395712004,222.3732197954751,88.06726531355578,306.70238299102243
2023-03-10,35.41718227491231,131.47207808955588,226.12430360732168,219.15515882074885,86.69806098455659,308.11089453025954
2023-03-13,35.774037257035516,132.3479702927811,224.48928057743143,215.43786142202802,86.79191414087764,307.563479244268
2023-03-14,35.93313291141824,136.0748398297712,223.2095587888197,213.57779443014374,85.78151722276264,306.1467750034861
2023-03-15,35.62790396230621,135.21776286906683,226.48102511627556,214.51917414945348,86.177305267564,314.29336928554255
2023-03-16,36.55686680820931,135.02740146844937,225.8051569658055,220.36343160686974,84.99740693881274,307.1652773288991
2023-03-17,37.637527679292155,136.58258525534205,223.00317984427264,223.46927167776832,84.8208484826395,311.9960974792448
2023-03-20,36.95186118262142,138.26949232743297,214.51409049714982,228.82971332542917,84.54333868276639,313.5551222850747
2023-03-21,37.09410114076694,139.3914206220368,213.05469777148645,230.403743746469,84.46603199775586,313.9944717463612
2023-03-22,38.28690758616367,136.60866648959112,207.9210116870879,230.32357344187008,83.89329642315676,312.15244532926675
2023-03-23,38.6684443601886,137.50439530101036,203.2770976043091,226.68199075756692,83.02194170964052,311.45821705147273
2023-03-24,38.777828572874874,135.49805297045185,205.40368790211275,226.86157659520086,82.92035097973313,307.00137299436057
2023-03-27,38.67784933612358,134.12621896395754,207.32645200758733,220.98403650270726,82.29236417028778,301.8414932793451
2023-03-28,38.416549489244126,135.0844858189277,202.45727843468066,220.32026960386565,82.405662802761,301.57806742939454
2023-03-29,38.3153497241997,134.610800528222,204.72045522047597,225.06192074383074,82.09072029603206,295.5083229596998
2023-03-30,38.05192735032214,136.020040472251,205.98877503086675,226.174639411848,79.82274965490204,298.81066151966303
2023-03-31,38.41224856708747,141.5537262618704,204.04458581751936,229.5954515006245,79.7227285690395,303.20100663593666
2023-04-03,38.2215617410148,142.97719898685307,206.0213381474754,228.67624359500243,81.05024802408848,290.4953504244038
2023-04-04,38.01122442709639,144.3161736518989,201.92066329852824,224.92725796079154,81.31141370579718,285.021103637809
2023-04-05,37.44133759355694,142.72728667232488,198.957128060536,223.7560409986822,81.86904363896379,286.1550753955934
2023-04-06,37.41943740565687,141.60612281401197,195.4568974277806,222.82338896384923,82.28596063012552,287.07640777282006
2023-04-07,37.001745767852604,139.75107804527354,192.81383537695035,226.42069029229006,81.77448721706935,287.6367318308467
2023-04-10,36.91904486520449,138.84622628085103,195.03606050264264,232.31975614940032,80.41166392335994,289.32831030379833
2023-04-11,37.408309678622636,136.9788504582936,191.8610108932377,230.35529353687875,81.1713235019985,292.22340118514296
2023-04-12,37.58265972253315,135.87420716878574,189.17170677425642,229.5089303813205,82.18368469855417,295.5925990772062
2023-04-13,37.82390801919938,135.54641776445496,186.98973496332545,229.28295019822988,82.7136882383667,302.5025548819213
2023-04-14,37.99548725216113,133.87712318157796,187.52369720092648,228.47219492792584,83.10251334878998,302.7738311636597
2023-04-17,38.025334038509015,131.53299475887317,186.79548697848435,225.11255078611836,83.4629496839643,306.2584651749933
2023-04-18,37.965889825318555,129.32378080258022,188.9094332017887,225.57095240238252,83.39337262861876,300.22931397853284
2023-04-19,37.82044423395576,130.09335949041758,187.29675796780137,226.79898183361666,83.63155974239012,299.90254253625267
2023-04-20,38.18540853230305,130.21922338098176,184.35033223233253,228.10298886767134,83.60259137198362,295.4979479501265
2023-04-21,37.6688318818989,131.9415844763335,183.25437385700724,224.8590275916808,83.89457074935389,300.9031851261363
2023-04-24,38.312040164030805,133.71788780839407,183.40617602202283,224.73454875871073,82.89246952477102,310.0652758187922
2023-04-25,38.33001371298882,133.17378167911286,181.3308871474814,220.05635747541672,82.21833853041385,312.3687339257461
2023-04-26,37.971663394454076,134.33154301460314,182.02869188581747,222.80134805747602,82.74946932172813,307.47066245530374
2023-04-27,37.739874049530876,131.9438401299973,186.30294095201086,220.15375187944707,82.36831657873155,307.2135573163324
2023-04-28,37.42083398762366,135.82320232811747,184.99929359910868,219.59054616923527,79.93826025683921,307.5071798756076
2023-05-01,37.49792891505111,137.9138233187361,185.15588848955466,218.54864252844408,80.02087161985307,308.4585880034405
2023-05-02,37.161802260826505,137.57017368256908,188.38938845049657,217.14493819292966,77.7873581199666,312.90527580987737
2023-05-03,37.70190395208849,135.59784612132313,186.90722560705902,214.46213849555573,79.57913210467514,316.877168675577
2023-05-04,37.33392955647244,136.2778667232778,184.96946208019355,209.9309667411792,80.24000492206824,306.65672855786346
2023-05-05,36.281615400320106,133.13311773534843,182.48185352082157,214.76207755509574,80.85983143267057,312.16868889735446
2023-05-08,35.950432596536025,131.86062727377399,183.4411208029007,215.6541211921522,80.17190570295568,310.40835869532435
2023-05-09,35.05351212323314,133.13894139143528,184.6740264260542,216.5776334530274,79.04377289430396,308.4151361789035
2023-05-10,35.03729949626481,133.29411915090495,184.36642760914285,222.58859166402604,78.803548472425,314.1589973697022
2023-05-11,35.50938446611713,132.50055317672002,184.49992432152635,222.5146462548008,78.78607130421094,313.2938468438727
2023-05-12,35.801783178784916,134.12595200915482,187.51819659533817,224.27954174116942,78.01682469306493,308.1175401282838
2023-05-15,35.204902216607316,132.4106430719717,189.6100029086888,224.55003852450375,78.13117982781068,303.19872853231453
2023-05-16,34.86981339079066,132.91491708320896,186.3198828956748,228.14949820624278,78.74944220010305,303.60415922484066
2023-05-17,35.66143553790369,132.11208886765104,186.32310001746197,229.81411360560872,79.28861716982654,307.2826847267302
2023-05-18,35.80624848893305,130.73719220584658,186.59333995904328,230.9457356204494,78.26127069588509,313.3406512838339
2023-05-19,35.80952753144081,131.53088162575943,188.31458112750022,230.42366529100948,76.20204496850434,312.8590536107072
2023-05-22,36.29060202432175,129.92363385331797,187.8037733636877,231.4582704411297,76.17179597417993,311.2093738776976
2023-05-23,37.431033252051236,133.10311924847505,186.29899685403305,235.1021381786192,75.53341429118014,317.83422987188874
2023-05-24,38.049011189886464,132.15450181321143,185.24074674306505,229.25050886579658,75.91048794824923,316.2021689933512
2023-05-25,38.11741432074429,135.5384504865152,181.14881065239229,229.0984848048261,77.40118932182212,322.2633486123146
2023-05-26,38.28964828992733,133.71182397089154,181.1002348648221,228.11555929336984,78.92028594355062,323.41694144251466
2023-05-29,38.59002167252977,134.76539781720157,179.75189747911546,227.47389216170635,79.16163085919749,324.586310182223
2023-05-30,38.294801052602104,132.7724187522297,180.81762549130363,222.09582181585552,80.19772101140119,323.82648616972267
2023-05-31,37.78889268659278,130.5758548591779,178.4989823449251,224.36905794754108,81.77496198338517,325.2416671217929
2023-06-01,37.81537228092299,130.8668906998369,177.52351878213767,222.20731287130363,81.78816456535542,323.54548152411843
2023-06-02,37.3682583491198,132.0170960432953,175.34873660275986,221.78831272411603,82.02565426020102,320.9891524533528
2023-06-05,37.340815049757616,129.9424306482685,173.00806200680486,220.5994337982361,82.8429314162156,320.64254488618394
2023-06-06,37.38754713530742,131.9238216997907,174.53659658600114,216.2169391377618,82.77588181566907,318.2250524931229
2023-06-07,38.50821769500173,130.63277341283495,173.51194767290917,215.21448486893482,82.24776595552349,319.64630840637517
2023-06-08,38.09904154774972,130.87696279279183,174.4787256683956,210.48298896161336,81.47646735755376,320.1899582627201
2023-06-09,38.04213692412714,131.53286128997854,172.02716029374753,208.20121408691801,81.45376750201389,319.3335545782814
2023-06-12,37.96497683570572,132.55044458197392,172.22749456592558,207.57859202700217,80.81696144375601,318.73054525168834
2023-06-13,38.176240661631525,129.60965347427066,168.58970811151218,207.7693580071401,81.57060922063222,318.0130104439516
2023-06-14,38.684558662748074,132.30813070009387,167.56381459016043,208.1175573221786,81.2159779193983,325.26015148039954
2023-06-15,38.44776976341237,133.27647623722422,166.4913776841009,207.96033159208804,82.6352435838974,325.4258374916684
2023-06-16,38.053471309228854,132.59217330093546,167.70148170749115,213.84657366596363,83.8237147228431,323.2019708593346
2023-06-19,37.27642100456021,130.9203614539829,168.06409402524852,215.2335361065174,82.55470629374192,322.20110105195056
2023-06-20,36.84542963787178,128.18316288700797,167.674615657942,212.15385982557677,83.61129462150865,325.1038417832888
2023-06-21,37.096765651883686,126.03027634769032,169.4322342281997,210.73022305134788,83.18153338079276,324.4858843672453
2023-06-22,37.11957905826354,126.92571978654874,169.8187265922247,209.19704766110215,84.5418496298484,324.0721881844805
2023-06-23,36.64917744433266,126.40855962942835,170.94953804800758,208.93483835872115,85.04198618116328,323.2287846635383
2023-06-26,36.47890828361525,124.64600039012636,172.58316620106083,207.55606118785857,84.9720131163337,324.10126766498917
2023-06-27,36.4948240153039,123.8477826045099,172.41359053844002,205.5328583584878,85.63983442655024,325.90214204831057
2023-06-28,36.7286051498624,126.33959797104485,171.7514011070869,210.05391881814242,85.0455335614651,327.93169149277304
2023-06-29,36.45649018291111,125.84131102828361,172.43320031804342,210.37689411388757,85.36171216469599,321.4435291770539
2023-06-30,36.343084349320904,124.94487085465057,171.50298144698237,209.6911458400088,85.73744745899992,317.3476796102323
2023-07-03,35.52133466660405,127.11636535663818,172.31354570192562,209.2313452926112,85.56600480575382,307.20422752586774
2023-07-04,35.01116733917308,127.88564979356165,174.7041560208902,208.8659219312402,85.9459914555103,310.5115487869359
2023-07-05,35.73347989546455,127.98443761164657,176.56283594658848,212.77283640333496,84.90116453189093,315.0692711504034
2023-07-06,34.76321414326124,127.03537982755671,175.6865192970637,214.27026822675495,85.45443747212795,320.4676075330836
2023-07-07,34.616953003207925,124.60159126550721,172.83774532892215,217.53859963338942,84.20273903259363,321.24451319671687
2023-07-10,34.71406214182717,122.8038311359247,172.6852122023846,209.36532143939954,84.8191772441483,326.12577914924884
2023-07-11,34.55209479742946,122.08887363007531,172.38084281363098,210.43612408036327,85.28604303599477,326.172733777501
2023-07-12,34.2034335101526,121.77761017625745,174.76363753830782,213.47530818086148,86.0004031552467,325.8757710289393
2023-07-13,34.178479766827074,122.35161999953095,173.89132153602225,219.06757106006916,85.41274550480696,319.80906522084223
2023-07-14,34.17769792120316,123.2315244151612,173.40155713548654,219.36767145591037,88.56967301454183,316.86709160198484
2023-07-17,34.14371145543511,123.60459636284105,174.97916262935175,214.8884017269162,88.3169464730636,314.7063478559528
2023-07-18,33.34677805775887,123.97487245739309,173.8975696210007,216.70576960561903,88.46698321786008,318.56077863713574
2023-07-19,33.28622770882335,122.43736233589718,173.51528738051,215.29206797184597,87.6599209657672,325.48231670320286
2023-07-20,32.93085316236284,119.18375913774295,177.26117868793142,210.6976560614366,89.16843837363436,323.76409898247397
2023-07-21,32.705683285410025,118.42956120894259,180.57772343471134,209.27182525854727,88.65855952734861,325.4845467926151
2023-07-24,32.800644328063825,117.03950168985621,181.97668472760856,212.28849211705827,89.71437913982223,326.8161851451798
2023-07-25,33.06780880066922,116.10598735802284,182.5552630131961,215.74504763863868,88.69810496732151,323.84550495857803
2023-07-26,33.444865610114654,115.72986077402996,180.3075135804523,217.93545293300676,89.02389123279698,317.09552905152105
2023-07-27,33.237665843844916,113.95515549157719,181.54103737144627,215.2946509508585,88.62521501093181,314.2941835924746
2023-07-28,33.628192226134054,112.39597954259179,181.6363659043021,222.45711764674445,89.61664963909557,308.84615153060076
2023-07-31,34.13052103509243,112.27807167865166,182.1037873728719,219.42699224101779,89.3029436894543,307.8062436975609
2023-08-01,34.62417035443511,112.46605404929869,180.8832220569801,219.4361911276107,88.38346930403932,307.44259509998335
2023-08-02,35.23715677633791,111.56427905905403,180.81871520768055,215.69842123847047,88.8630048835542,306.9269047227456
2023-08-03,35.17393662601583,112.29092027705823,180.36311811070658,219.5332018064599,87.60347626649335,306.4606093158974
2023-08-04,35.09824742125937,112.00487782032015,181.04277187537622,220.99772968035987,86.60714865146016,308.5140474909455
2023-08-07,35.466391988157774,110.59855356624506,184.28480613558187,223.71576890508334,87.4091536305392,305.0986910152129
2023-08-08,34.86239140394638,110.67903707896339,185.08630164055424,224.20295942898295,85.47684937263723,308.71007261010845
2023-08-09,34.955886418496505,113.35958364328268,181.22988165545345,224.24375870821075,86.26097619043229,302.4617091105159
2023-08-10,34.72438389343144,112.42383131531723,178.99502057325503,224.97206812440822,85.85342650470017,302.87674159008395
2023-08-11,34.564789633453145,114.11220319780402,175.42892953661794,219.9134241379478,84.92450374333475,304.53950051431747
2023-08-14,33.81600415445911,116.13517719333808,173.65124910949345,222.91941718694903,85.17932675046085,301.69674006622995
2023-08-15,33.44004269626459,118.3734172763551,174.839307290891,225.7376561112265,85.83255435283642,295.87573305017247
2023-08-16,33.4327362867389,117.17802129118209,175.68583689945567,224.8624031705896,85.24355570839492,298.4340952630411
2023-08-17,33.8104081565755,120.21717977738872,174.33060290430882,225.0660708288586,85.07353386535054,296.08648884395643
2023-08-18,34.23613050234531,120.41933258074269,174.87858731726112,226.1585333316131,85.9008831497581,299.1842982044724
2023-08-21,34.20285766170653,120.0606384571926,173.18521266125225,230.92409026071536,86.68803627392987,302.26322938369543
2023-08-22,34.12274160827351,119.73836973913276,170.0830666953194,232.4338201011731,86.64725953041045,302.4138547334639
2023-08-23,33.76882973583122,120.67518448368973,167.06654896261927,232.8094511819315,85.86730492777598,302.58067354105265
2023-08-24,33.941792688581025,120.77882040899382,165.23622258894213,231.5718431966138,84.9169133032886,306.536016222086
2023-08-25,33.837429473906994,120.53576807860641,168.17759421996345,227.47402421023796,84.32963241518536,308.1659252369571
2023-08-28,34.09806646938656,122.52713619351456,165.3299867524731,226.0183221512427,85.03113111424042,304.74436259125383
2023-08-29,34.86033126495604,121.4424948562455,167.89770748301422,226.47000938776165,85.63501318276808,305.56164432630686
2023-08-30,34.84749792888847,119.88258014047105,170.68619599936653,226.0003438078747,85.96333561137357,307.8714362374091
2023-08-31,34.1976226525827,121.11242369230168,170.25749608307828,226.4659803108003,87.42009970204403,308.83193364305373
2023-09-01,33.830072131809615,122.21698311926032,170.1136607470037,228.85676183833223,87.12763848275732,309.74399148933327
2023-09-04,33.21557414028948,123.93969569636504,168.76844610862858,230.372326350794,86.7544665675138,309.34661845048737
2023-09-05,32.71966864347675,122.30292521430364,168.67656898810782,231.43162933828899,86.37836912010677,309.06207072432613
2023-09-06,33.26350774452229,124.00718385445259,170.03810171617943,233.61543613309863,88.38982226051886,305.6261803072887
2023-09-07,33.35995595875831,124.78929584917194,170.01666166138963,234.42870366763825,86.27321948824338,300.35356115780803
2023-09-08,32.728411119414595,127.61875344957731,172.1195853408236,234.6027225315489,86.59607798027933,304.8023965865693
2023-09-11,33.00035160247016,125.65432321148573,174.66364314497326,236.26310093821886,87.08213377172935,302.54752360913926
2023-09-12,33.52988495633364,126.02729693542508,175.37594341682848,231.4390238388251,87.17221996456858,303.5650852573107
2023-09-13,33.37952936077924,125.61426102308027,176.05463993643585,235.38947313625388,89.6564396576411,298.0681913285083
2023-09-14,33.09776697757383,123.14972709352315,175.87405530918485,231.86251872572396,90.94373644506838,298.8306788149192
2023-09-15,32.95868937327523,122.07168483550231,176.59649799920086,234.5899915050038,91.81210039620295,295.9112206080862
2023-09-18,33.07839425185924,123.84396322383654,174.094811654887,234.89902946724138,90.8671474870483,307.3124703669147
2023-09-19,33.3475023058075,123.14079168862918,174.93951092448341,238.4774033392452,91.43895632511115,303.58249318801273
2023-09-20,33.849258405343825,122.05097203132111,175.34607829079823,238.8610065513926,91.06829461383678,300.0977170174747
2023-09-21,34.37166602550509,123.41986751482222,173.41012438078383,236.3120465650754,91.15004649567044,303.8394936392482
2023-09-22,34.89023289042447,124.99391550837407,178.11959554496386,239.81047434377848,91.40264290468023,308.3785747176729
2023-09-25,35.49547451536386,126.58470073389526,175.909913737796,240.65189212612637,90.9162202123303,300.5080837683307
2023-09-26,35.79390384933907,125.35838806253807,173.95259213471516,241.29624719416813,91.63894525136175,301.6395772698397
2023-09-27,35.11153354924001,125.2936501723018,174.51613645819793,241.8293173413668,93.46949596562831,305.15202806765706
2023-09-28,35.05503853686107,126.95841018350184,170.27105798453044,245.19059573120904,94.66688389066843,300.67511544805564
2023-09-29,35.195353295081624,125.94037574042059,168.5396545294718,248.0253852735241,94.95158728988446,303.43292196964865
2023-10-02,35.02726683236912,124.78374348155532,165.2947819153519,249.04377648760988,92.83887502091702,301.60290697630325
2023-10-03,35.43313150654516,126.11966956778949,163.253744224566,244.51843621878118,94.0871842524473,298.0197207040001
2023-10-04,35.274090482319465,128.65433622629487,162.93682609778747,243.57020871472483,95.34277189166245,296.8781833385459
2023-10-05,34.866451089255975,126.82760863698078,163.54727747097198,244.18993135561055,95.16948560206396,295.33022730438796
2023-10-06,35.508113497066226,122.77049914066696,165.78691174593655,250.07838445353806,94.67753615302169,290.393165882377
2023-10-09,35.80873176510303,120.57340864688972,167.4289961138113,251.59895671318466,95.46726176445878,298.8139574444433
2023-10-10,35.909209272484475,119.07069015706507,169.89376505571025,251.61471364838917,94.60248481747435,297.2794646421672
2023-10-11,36.3323637689113,118.88980717963352,171.1070202250205,255.74807346425348,95.5493082634574,294.67551473479324
2023-10-12,36.82346447606656,119.841535241956,170.05374230487797,255.70355886311108,94.38250566947316,298.00946860524346
2023-10-13,36.98348987651087,119.64617848097156,172.40619007777627,255.92858332424638,93.40694051615986,297.90346124806774
2023-10-16,35.85731721413788,118.62054630110018,171.3015869632089,256.7526081243275,93.47500551707854,303.08793021392216
2023-10-17,35.554819195869854,118.8754461552221,169.93428165798653,252.2648579248743,91.92487628853921,302.2421979158758
2023-10-18,35.35228516811387,117.46872344553199,173.18392285630307,255.64333523433018,91.97771681952766,303.7422111018174
2023-10-19,34.918017303685296,117.42446310693813,174.8578316621094,257.33799335574525,92.61127363286515,304.2640793909939
2023-10-20,35.00691922315939,116.50410897343322,175.28932598768955,256.7429255596293,91.23015616934713,305.06708272713155
2023-10-23,35.538113902555914,120.5313612326392,176.90338082650453,253.3906607287309,92.28938454576426,304.4401078646359
2023-10-24,35.32306669609772,121.80419692013892,178.81661594109374,254.39130705177692,91.73054431086321,304.2097958423809
2023-10-25,34.82300852521325,120.5553405243264,175.72476977523874,259.2425966884537,92.38251057685449,310.8293386881702
2023-10-26,35.72564764655102,119.07612568785659,175.46468334895067,257.4794256901086,92.67109640768729,308.36294991031144
2023-10-27,35.52444160977203,118.44595248759273,172.8287328707653,254.37782535874348,92.2266058322304,306.4300297552244
2023-10-30,34.97826051031765,116.04146295535436,173.0422859871687,256.04972147358194,91.71190465722187,305.2824695429188
2023-10-31,35.08455042186841,115.00303129318715,171.53544934957478,251.2674021576188,89.9319471535324,307.6375817876264
2023-11-01,35.274617475521694,113.96278928824638,174.44003582661512,244.64216501445364,89.24808359612462,309.35470981797164
2023-11-02,34.96405521686102,115.26371627006718,175.52851869867567,243.58374025422526,88.49179023279571,313.1661726507789
2023-11-03,35.31539548089159,114.67044456026618,173.69137553057564,241.78151069696318,90.2847593067124,308.1297232585226
2023-11-06,35.1006284960287,113.5583339016069,173.5977368580536,241.24560584534942,91.4356730658249,309.30004249290886
2023-11-07,34.69621593618703,111.6805611412279,170.91862117561018,239.88073036975769,90.02197302392838,308.7881906248699
2023-11-08,34.77575143871172,110.06077320988162,170.95319369755973,241.19470927719323,90.93622724499657,307.8529772216907
2023-11-09,35.1164894496326,109.99236727996993,172.08117307780242,240.83171619850862,91.23334729984111,308.6532808527105
2023-11-10,34.838556171178695,109.71815921330185,172.59853111232485,239.3273412626089,90.88191487377115,301.3136345252171
2023-11-13,34.985366792907406,111.32116498613323,168.40438795603527,238.2564311680434,91.43844227875034,302.5096247664253
2023-11-14,34.94556905262977,110.46595642759429,167.64258053511776,240.46819971140735,92.35730298388658,303.2225547805286
2023-11-15,36.21291715866508,111.97393715755823,168.66637431661024,243.70322683180106,91.79723427890501,298.0204301596203
2023-11-16,35.892506906020095,112.36133830312544,169.26353742638022,246.8132355985507,91.5593379258033,297.8295123925719
2023-11-17,36.5253725684469,112.37885472735374,171.69683297949265,249.3123104833357,91.79898900358835,303.818606000281
2023-11-20,36.50274047396449,109.59456949439708,168.8868756468174,239.47484063690075,90.79684955317501,302.5149971365969
2023-11-21,36.44593649631718,107.85081236757794,169.94932420924954,236.777371989875,91.05536422509714,304.9316601396545
2023-11-22,36.78027805074594,108.88631066259039,168.5079782881498,236.1468943948423,91.02894494145445,304.24063376483446
2023-11-23,37.19836036016043,110.84462845362468,168.867618776933,237.06789693066716,90.36124966671164,301.3370360802907
2023-11-24,37.79841850060184,111.15712859606239,169.67697104971072,232.58838687318735,89.52791510798792,298.0552608397576
2023-11-27,37.956758149540505,112.25420648148855,171.09486936463838,237.1025641802308,89.91202385580337,296.7424683233547
2023-11-28,37.67222054913661,111.70298953767674,169.80089190402845,238.32177432068931,90.9080093352904,301.7660763690679
2023-11-29,37.419387247325744,111.20542576774031,170.140779869728,236.77362490637202,91.32577540068785,305.0254330210232
2023-11-30,37.66192566810692,110.30407996206469,167.6010509085552,237.57313166694001,90.47016076405923,302.5143475045728
2023-12-01,37.94007676732536,111.69090186117428,164.59585655829065,236.84917219580475,91.33591932003323,306.4780907684684
2023-12-04,38.61579758737489,112.19836020081979,165.69592568163097,234.90144707072162,91.58246881023595,306.1578729918022
2023-12-05,38.82144761255072,111.89180836227366,165.5274717408545,236.7152313954854,92.28835871547764,303.69520151491236
2023-12-06,39.34502016960105,111.45371051008829,162.13316257797345,235.67632285884105,93.62891249522718,305.4996729059937
2023-12-07,40.1057059011332,112.26194659198691,160.35310059196163,231.82758609389776,92.7010187655086,302.2091425882553
2023-12-08,40.19065838857858,112.74403905865711,160.3375619417589,230.2843085606019,92.61257913644471,296.5091663424914
2023-12-11,39.44699977245908,111.59225530257449,163.45346951845025,230.25667585083687,92.02618795613118,301.50329897093087
2023-12-12,38.86679086704696,114.05551758977661,165.5623949324251,227.4468932368112,91.14578982911219,294.87085568366217
2023-12-13,38.17058717859813,114.44998003778966,167.17822098502555,231.39708711497624,93.39084499064991,297.0352304296178
2023-12-14,38.94526062244964,114.48962207630784,163.40576569964787,228.54711373127628,94.49669467596416,291.60106563677533
2023-12-15,38.53320835521147,116.66545939910213,163.15000285852946,233.97553552972965,92.61385887775353,291.65690073611887
2023-12-18,39.137451665684324,118.20568555574704,164.07706795816767,236.94384110351578,93.14599879046844,291.10017585573496
2023-12-19,39.428900500207696,118.1000577780478,164.83628118592674,234.46399650288248,92.60289781512876,289.6709020941865
2023-12-20,40.2918455540428,118.92574142603782,165.64516155873645,235.16473595665514,93.93081635941114,282.03987859421255
2023-12-21,40.805896036773234,117.35847066463641,165.10254585906594,239.01498771815173,94.09012095149556,281.8152363124107
2023-12-22,40.75491802575638,116.43969813130371,168.74018758629865,238.76305895239256,93.96366228494567,281.8437908913263
2023-12-25,40.653952181327206,113.19480954401024,171.8475956828986,235.52065345120988,94.18865697072533,278.865010098562
2023-12-26,40.69921280468554,114.97328277181416,171.5854627246568,236.17391005575735,94.68301817793632,278.7868738704788
2023-12-27,40.79079788090919,112.28006463676053,169.42262947623547,242.50085838891331,94.7842318818084,282.41771587604666
2023-12-28,40.52055817755449,113.272211598974,173.8016986829855,238.3166472654002,94.60695843414435,280.06091186342434
2023-12-29,40.50551182408619,112.11696028377825,172.53651292372743,240.31768332673406,94.52092627367868,281.1197447718316
2024-01-01,41.33680514219983,110.76634904493999,175.09604183163805,240.67905253465793,95.16004001944856,277.28024609887456
2024-01-02,40.46138345614254,110.51819265853692,179.2953040720815,240.65484060855448,93.97086726546684,278.76302133002594
2024-01-03,40.59497747019193,110.91353241979112,177.11605609174475,239.80876859912368,94.03635871010687,281.1537942671957
2024-01-04,40.1353504189616,111.79613763269019,177.7036256065459,239.17899243892,93.97126232696296,290.1394957051412
2024-01-05,40.23163517667867,114.34403559805989,176.86585692704344,242.6660692158731,93.50242953946213,293.59864924542984
2024-01-08,40.66120735002436,114.88643952507037,177.95467175819616,244.84092143110158,94.38492240735394,295.357237136167
2024-01-09,40.63331773959934,116.1939133037431,178.61212081951945,242.12441564178164,93.0290099291695,300.7575937708564
2024-01-10,41.03259563706973,115.34579097372101,182.97944188591094,247.27556191111583,92.6966853605635,297.2342606901197
2024-01-11,40.22048147099964,116.4126054664992,184.28052805574504,243.61225785098227,91.83778128903195,301.4024421606598
2024-01-12,40.78697497503294,116.66261239554586,184.19614874745577,246.00455035086767,92.49603923742066,299.5436424489529
2024-01-15,40.47982727150333,116.00865815392119,186.7618536098702,246.92679711814037,92.05464627547731,297.4221506375407
2024-01-16,40.80012091891675,115.89329389905947,186.05840521783267,251.04247958689206,92.17446391197774,301.68226031220934
2024-01-17,40.89563597967932,115.82753904924697,185.13973216571938,252.53331254554112,92.66027136474278,302.74343400798483
2024-01-18,39.58649475623889,116.13165616471795,190.3679833006787,256.28429843468587,91.00071232774008,307.9609970115644
2024-01-19,39.21275939279626,116.74544183444483,188.34373562538528,256.57559400361777,91.55285900568222,302.6479140084901
2024-01-22,39.32340998266291,116.02419226510187,187.1220453079548,260.11565843501023,90.81646977007743,303.8604153147799
2024-01-23,40.1024711173826,114.97102509632586,187.1603665571878,261.62618824450647,90.6107601449303,302.06772384772
2024-01-24,40.24947172920548,116.08372330959804,184.62061948619248,269.197503323224,90.55685391943992,301.2414813184306
2024-01-25,40.3819629843754,113.65316920150521,179.71728023843434,267.2372797609552,91.48949106983537,294.37191304425556
2024-01-26,39.67117131062939,112.79556823003614,182.05938387898556,271.68480407604005,92.3551276631244,298.00581571303286
2024-01-29,40.394562993966694,115.0483504058042,180.2054546405861,273.67971974662953,94.36322412206455,298.9735287754959
2024-01-30,41.326416047078695,111.21433429780076,178.91840921183967,274.6914319602867,94.62911935584019,295.5239024621618
2024-01-31,41.34293727917937,110.27110560227298,178.01867337661244,273.1391164240638,94.1688227115467,290.810866667
2024-02-01,41.23026637685794,111.25453292838236,175.76938008138436,275.08748982667936,93.68205354980469,287.87421112765264
2024-02-02,40.39936960076284,108.98855301938401,173.34625000746595,270.42562872806064,94.47464319773385,293.1016371397627
2024-02-05,40.853098239591,112.63929777869187,173.63671013092866,266.1957344640947,96.34395548704447,292.92902693847265
2024-02-06,42.269587872243896,109.0486512138265,178.89884914056668,268.9919442851617,96.8022916521002,291.91129615342044
2024-02-07,42.654907111832316,111.06408284311802,180.5027643360797,264.16495935179626,96.21863768607415,293.8985676656442
2024-02-08,43.341177864461876,113.28902541786515,182.14507938439277,269.39071868319485,96.60090064999562,294.1394500649617
2024-02-09,43.63992810591874,114.62908187792824,178.6601711657539,268.8608564368196,96.96343918664334,295.1871319675108
2024-02-12,43.103412158441465,114.3340138555538,178.54294694407386,270.1105300915731,97.07214106907867,298.1254646766163
2024-02-13,43.837180937708425,114.87429214000574,175.83901191804424,270.7712386919792,96.29829762612873,299.5595034122444
2024-02-14,43.16231764998643,113.60737424463225,177.49534881032875,272.61696377635883,93.53366693895869,303.0507284446382
2024-02-15,43.0496194958912,114.7962980364251,176.9237210871724,272.06791494384413,93.01336120671176,298.8146036474401
2024-02-16,43.202841842631976,113.21226979365987,176.94640104056893,271.21839348756174,94.24222929122047,299.2607116167074
2024-02-19,43.68783006823213,112.8464842713673,176.6867998805763,271.1960066021383,94.54787792513955,298.1630518187489
2024-02-20,43.9191386175323,114.2962995775899,175.3306682488892,275.21954133800557,92.19066101884302,298.7743418335027
2024-02-21,44.13545923374294,112.72706965102356,171.94128781780893,279.5991274619178,92.26413219467328,298.84570702846156
2024-02-22,43.715789746912634,112.23495849502474,173.14026298922528,284.5524692664592,90.34715490952892,296.7236175956632
2024-02-23,43.01308999776509,112.49157675893582,170.08948177348285,286.2980670156676,92.55545243498203,295.66561473166377
2024-02-26,43.048128364400775,110.6296003125222,167.51884520746967,286.00834757524257,92.83156979339725,299.37897485734413
2024-02-27,42.66636152444896,112.28852641835977,166.83281953054856,280.4441180730701,91.59407972081887,297.56607265278154
2024-02-28,41.97079233638847,112.79582468768679,165.29676456658217,283.1543667408047,92.52622853281251,293.24457722235536
2024-02-29,41.308331546334784,110.68617779085433,165.7839644491011,286.60388498150024,91.74612166765581,295.6384331803682
2024-03-01,41.055666123156655,110.64440497725653,167.8485167032216,285.5853563317823,92.42245425947816,299.4500586687055
2024-03-04,40.11010264862257,109.59233992759877,168.31598039185369,288.94294909643884,92.51425440313159,298.68851739379386
2024-03-05,39.436485335706166,108.71147071727985,168.67470627191906,294.12071227001917,91.3061792210709,299.3994228826041
2024-03-06,38.63390679132828,108.83995431907792,168.664497003117,294.9196899343227,92.09130962415357,296.552595585303
2024-03-07,38.72425860986913,107.89424287844034,170.43728390977452,299.32836319587375,90.71843657717432,296.0506737772289
2024-03-08,38.925362941609855,109.23674557795235,166.4604513428477,300.94955139265574,92.22858545174022,300.3747079037803
2024-03-11,39.92382739820387,108.29445231015487,167.17294528906888,294.89247897090473,92.36241546198792,303.61683437854595
2024-03-12,39.17919648650647,109.66569421742034,165.1611981226449,293.58970164579057,91.31844956672037,304.4264438747858
2024-03-13,38.846713152995726,109.6287396398273,162.5579068927881,292.523293518765,89.45727505720667,303.6482283701881
2024-03-14,39.29750280538691,110.8408646548612,162.51019215438103,294.9312338673233,91.24189427262601,297.8487231103272
2024-03-15,39.19187928803941,110.1110752136476,161.66184623093292,292.1867973550368,92.88180899193516,299.26496253501386
2024-03-18,39.03229811023954,109.43578483138721,162.79648438968104,291.0204628798367,91.5857772475601,301.22046598529835
2024-03-19,39.88349809691678,107.88140535579439,165.01140123455733,287.9533901442254,93.44610545819634,305.4310395753651
2024-03-20,39.71539208481201,108.69313749762318,160.18983804403683,288.2539744601268,93.69917233616762,313.397504866033
2024-03-21,39.142616867335235,110.008546142416,159.98719673221,288.9490923904191,93.52457104247144,315.132476280959
2024-03-22,38.50005298387462,113.00946846980487,163.92552628651774,292.96705380188644,93.49792118676157,319.15672392919925
2024-03-25,38.664762322987734,114.8865375275007,165.6684131330474,296.37722511484003,93.27181608771153,315.0660612071607
2024-03-26,38.815281268700964,115.27334691194801,168.65524063510472,297.44741191832503,94.92557575746731,320.0701634883715
2024-03-27,38.15175935002473,114.99199814438168,168.81183428971627,298.8099917864173,95.16363886942291,323.8043162648804
2024-03-28,37.68253520455946,115.58128332380019,165.72791344493984,299.67863604778745,93.1916402442934,329.59095694709083
2024-03-29,37.9387553603452,115.56566049600815,163.33772809583425,300.5644419528261,95.5857070896734,332.64647187890114
2024-04-01,38.21720163169947,117.74146121955258,164.75055033277604,306.94899552809466,96.65392815143191,334.8116696353002
2024-04-02,37.91025154253653,119.17560480631494,166.6938797650037,297.939882059042,95.49411464246288,341.28250179412913
2024-04-03,38.21012124575628,117.95110360748569,165.10618055422285,297.7376051065309,95.16473304891616,338.81059458303196
2024-04-04,38.48793469858538,116.95872767829407,164.4908064291693,299.3718700278036,94.22690554040128,341.8268600775143
2024-04-05,37.63444689488358,119.01642826112676,164.975335021981,304.1300634729401,94.34819788818379,346.7430045864824
2024-04-08,37.48826012605358,119.50488710020396,161.32038231632833,300.42642505424345,94.8568511022415,343.7265588391021
2024-04-09,37.68633621106831,119.18199103889903,160.55379490074193,302.20546804546314,95.19324872567745,339.20292010886277
2024-04-10,37.41670271510887,121.00264172392343,163.80275047500942,305.97421199038985,94.59527753286058,341.34412656566246
2024-04-11,36.42330712516811,120.4390043282618,168.31643108424967,304.72937382547263,93.7779738124113,342.19463781992954
2024-04-12,36.29510586681782,120.0409437169471,168.0277152769736,297.9453356858624,94.78712595314013,345.10176852347547
2024-04-15,36.64210808702102,119.3710790560768,171.88944305061642,297.0532468498242,94.74496660623232,348.18913180990353
2024-04-16,37.38049314271528,116.48196892679928,170.69597810934116,293.0424524960867,97.35915384748586,345.2607767347441
2024-04-17,36.36429585052037,117.78246288328819,168.90276585558254,295.9094843525243,96.5101287599097,347.0433670515889
2024-04-18,37.583000986594,116.02673533278058,164.14855919929786,293.2040355245566,97.48153232575899,352.24266820374163
2024-04-19,37.054542407083375,115.22307966060282,166.08110740077578,300.3164422913724,97.60964631963503,351.0621975941327
2024-04-22,37.505490235607006,114.17272729046874,165.2421248364831,301.31448620037247,96.81211000450723,350.1906698340785
2024-04-23,38.09474877452016,115.2479575434386,170.12600318969996,298.7307601263056,98.44905166914933,345.7240551308784
2024-04-24,38.57101090875823,115.17309649542477,170.778396692803,297.2937086853086,98.66506591496741,349.57221236749655
2024-04-25,38.64531995228941,115.22015615885928,171.12483794884884,293.6814603176474,97.70496301234691,358.4292482155007
2024-04-26,38.085471165634374,112.83197675900092,167.21662983606282,295.57974183887694,97.41077413032853,352.8159589338069
2024-04-29,38.388827104944895,112.73190337109122,170.34809970619136,301.64809320860456,98.65674226026496,356.5080443204391
2024-04-30,38.045965530977135,110.67817880972109,169.51271224978962,301.2924044231924,97.3167691081691,360.8642988015886
2024-05-01,36.85722857985964,111.13117988418985,169.110992739667,305.29195870354243,98.98153383067904,358.7691664727264
2024-05-02,38.196054193864214,111.66975119763678,164.41837622691588,302.1522973960488,99.85643462679614,357.51126315167255
2024-05-03,38.539864470298184,111.66920379771024,166.29174151700687,303.79334404956893,99.60320970527985,353.32675459536455
2024-05-06,39.43439668316056,114.60557379736997,168.31903756599843,313.2210814154857,101.28122984085229,350.31873323663575
2024-05-07,38.98561618972585,115.3948222426459,166.98264214142324,308.1958029438478,103.4642381955262,351.411116679877
2024-05-08,39.714693902449504,116.28922999678214,167.12211334743975,313.4989439734556,104.27319173814196,354.62180189160875
2024-05-09,40.51982635102267,116.52288484013626,167.8945986561907,318.6578465441879,104.5599981355962,355.51760753425435
2024-05-10,41.322888997328164,116.26516090267131,169.88748790090864,311.67690935024615,106.93801239009802,359.6647107236977
2024-05-13,41.31348943385379,117.71390707549371,170.05514672799896,306.5651307130539,108.91827543064075,360.9663662347378
2024-05-14,40.69393857906904,119.38438455971584,173.72935257393385,303.28298857091823,107.81480919062524,356.21383366477113
2024-05-15,40.60474384476607,117.46842990929244,173.14287478387936,307.4785371780757,107.63183600294123,363.02300587458006
2024-05-16,39.494929775224854,119.06495944135001,171.76927201665646,306.29091133165264,107.43842838619815,368.7531406917372
2024-05-17,38.65857624721726,119.8639166529446,170.70676699789732,306.11436989085996,106.99840715472466,365.95985727905764
2024-05-20,38.7049170633384,121.34952772598943,165.28188637709266,309.32839532244833,105.20388858236653,374.4336516413507
2024-05-21,38.22599890751768,122.09050654489533,163.55761220962464,310.26291904321903,106.4074406050356,377.0241236166067
2024-05-22,38.14839670199035,120.217257779167,165.59292900256966,311.62297536764385,106.59121822394896,378.0668198622309
2024-05-23,38.097556470383005,118.47921149566659,166.09375596689426,310.8390834553371,106.79428933595213,387.51839163867714
2024-05-24,39.03718691080111,121.2603006968852,164.3376378290102,315.75476663196525,108.6638802620586,376.242159227174
2024-05-27,39.68220867289447,121.67262154727865,165.0120394831617,313.1528750214942,108.02128809259608,369.3222955642525
2024-05-28,39.66135484896007,119.54496213587376,160.8186893175059,320.31987065647456,108.02842970242914,372.99227076238174
2024-05-29,40.27164684688592,120.0961761188874,160.19355615974774,319.4449263104027,108.45834006089616,372.3024248833278
2024-05-30,39.879559102804286,119.57512639337018,161.2074774856086,316.7318162830386,107.98561494008182,368.4313148632505
2024-05-31,39.71222474729719,116.85505252859991,162.58216207561918,319.8082328925965,107.9237425654323,375.760207300433
2024-06-03,40.1718499110556,113.55586589538085,160.95470032208596,322.11898058229843,108.98553935428157,378.4638724327524
2024-06-04,39.54988272770317,111.30982281138459,162.76775709886846,314.6582039418208,109.05488445209154,373.0218588582985
2024-06-05,39.41267971801422,111.71556686680711,166.59770579568186,316.0142497228432,110.86548166360753,370.4521074902187
2024-06-06,38.76377489053054,111.67185360097905,165.65512433036784,311.1545677831619,109.96723143198835,374.76892938701764
2024-06-07,38.82272881968536,111.3457101577276,167.1595392873256,308.3844703599689,110.31118208546195,383.54148900978487
2024-06-10,39.631066458409684,111.76972863847034,163.8631904251499,311.9254825475275,108.54596197224156,374.6752751714832
2024-06-11,39.25887249915027,112.643569093454,159.81547653096044,309.01842694956343,108.47437069273266,376.2866932685686
2024-06-12,39.372317439753886,109.72242412747595,161.00717753261557,310.87011622402025,107.65651836122885,374.98693582761575
2024-06-13,38.93125722204857,109.3303351617476,161.04843037836903,309.8490590662043,109.48585732306883,367.478506938668
2024-06-14,38.37300366198783,108.21905268826107,161.4086201452148,317.961023445406,110.53589530627696,367.18301013013337
2024-06-17,37.78165339327213,106.5735042661513,160.1821483811612,318.0484744917353,111.28581671871711,360.4714556740267
2024-06-18,38.48203314591086,105.86398667604475,159.54583637257807,313.83897247817356,113.82677865973292,358.54871628571993
2024-06-19,39.64619713472404,105.72288393998421,161.13965289969676,309.9581341825464,115.87396399735522,366.2054983348122
2024-06-20,39.889793685551226,105.39127767671928,164.62104648981128,306.8915270317988,116.95002624321155,368.9887670361672
2024-06-21,39.53299869735076,103.49953070279795,164.12770828432153,307.8339203331553,116.08386182940541,373.01865049499537
2024-06-24,39.88722972233509,102.89347733191,160.70574539421088,308.2702593466593,114.19680080837561,376.25322214995344
2024-06-25,39.72115103991854,105.56275871106418,163.26355308613648,312.50980779643174,114.24087202325816,378.37763933585813
2024-06-26,40.12582613543227,104.19183724478982,164.46429329863557,313.6202677512285,113.84449894470181,383.41669347894776
2024-06-27,40.274802612585866,102.0224310095068,165.839887620415,314.5798371701033,113.05835805666861,378.45150841725797
2024-06-28,40.41858288711527,102.39877037778163,166.177243560496,316.3175712014827,112.75295531026059,377.26998830332593
2024-07-01,40.73062609564692,103.19349297560666,171.0697125636046,316.251236050816,110.64488276576708,381.74132804628175
2024-07-02,40.4359419773925,103.82081602455172,171.188200275413,317.8679103338713,112.70140098492253,378.8352947505101
2024-07-03,40.23205915439219,102.38842418337013,172.25658462304725,321.47285130562915,111.2692863500576,377.2971422894041
2024-07-04,39.37055475499154,103.70628914885295,168.23636507830537,325.118019546176,110.46740958402948,383.4411395725688
2024-07-05,39.15354026272478,102.70725849142163,166.96992159069242,323.34550075942786,111.298992108443,391.25770950071166
2024-07-08,38.459695450798705,101.27088713786381,165.48810674316522,316.66496204817906,109.24994693163868,388.8741298072804
2024-07-09,38.39117794952213,100.51904046648123,165.38327584220153,313.8932654532256,110.53262582005942,385.51121104977733
2024-07-10,37.9322759910296,100.40298671661382,166.06792413988737,315.44650232066834,111.85290001649786,388.81185204680355
2024-07-11,37.98219416430874,101.33207015105741,164.46430542477367,306.13192175303936,111.52076762495238,390.63759674417395
2024-07-12,38.201219391522514,102.15351950995911,168.04890526785252,304.72157783702613,110.18335338106209,387.9465122211532
2024-07-15,37.52529565042879,102.14645293156617,165.76483811355888,306.87059972177514,109.6458591371324,391.33638371548597
2024-07-16,37.14423529290263,103.37626471188685,164.78395686665024,305.1138820786736,107.34047916676039,394.55128789138917
2024-07-17,36.70685986841787,103.50462992912335,165.23730432010947,301.25449663433807,109.20658115193922,395.4890706131172
2024-07-18,37.055184358695996,104.70207824145362,162.6105230726286,308.4018604781926,109.35768774762226,410.6071073943756
2024-07-19,37.86192894935448,102.8885299375076,163.74239280794723,314.25266379673815,108.48461022664623,418.1061329411979
2024-07-22,38.271830499987395,100.88968842695263,165.01151328542025,313.65185075102283,107.39937918703133,422.904348521884
2024-07-23,38.10523016323271,101.90236723069336,164.36216735652042,319.3483508275638,108.21450775129921,428.8592655501601
2024-07-24,38.81662271903582,100.15470734501437,168.32236193318255,325.04802084768284,110.2482036545571,445.38759497772696
2024-07-25,38.08468731464328,99.79634553989442,168.4527565558792,320.87868192540657,108.67023729378614,452.07495599304434
2024-07-26,38.81249038643291,99.6944364025079,169.00741904120463,332.3376918855239,108.00924910187166,448.72686721320866
2024-07-29,38.49445760626546,99.10466907361912,166.93118200021402,328.8693849597846,105.85018290499512,451.13842228513704
2024-07-30,37.17087606583701,98.56117391483826,163.4026423011568,328.21027359783545,106.78394959369267,452.18505284366927
2024-07-31,38.434759146914324,100.32722976921198,162.0663255417283,324.1333188503257,107.06212364467306,449.67527524686227
2024-08-01,39.20809148018167,97.20104317969711,161.36939278200447,324.8713458341432,110.06236763112109,451.7567532083396
2024-08-02,38.70320102251512,98.31056421557045,160.40449196859365,319.9464862331753,109.9831046641326,453.8003249035219
2024-08-05,38.78723903681143,101.21654480681067,161.925070594804,320.3286592522162,109.49456032735851,454.1349472473101
2024-08-06,38.6840954464224,101.26832253992679,157.08594501263292,325.14214212485314,108.65350475322535,452.0689328768315
2024-08-07,38.73548437303484,101.26581372546167,154.8166845809753,326.4326127089592,109.84468526419356,457.3554800862781
2024-08-08,38.01983962128315,102.21869393733184,151.2542833250677,325.7591820430292,107.81286129307215,449.10217847484444
2024-08-09,37.696293885027885,104.62371674108425,153.79506034083974,332.5834756884854,108.86190214478292,454.3309144873076
2024-08-12,37.92070332108704,103.09145834105477,152.6643959115898,329.26116303170295,109.26329510651404,455.03699133386027
2024-08-13,38.0287561856286,103.22753265631412,151.63803852747793,333.7181966660258,108.68698534112562,457.23461862382374
2024-08-14,38.609226749079134,103.0077043344117,149.50831208209001,332.8635967730373,107.60281473939433,444.69473908756277
2024-08-15,38.6495728875356,103.75845109805451,151.1748887132683,334.1828705727927,109.04532531592042,454.64419768038914
2024-08-16,39.81217690777681,103.98903508784107,150.35406292657538,334.7268565899529,111.5762797090771,445.70014422890677
2024-08-19,39.456355243046495,104.8793451386304,150.7373709971165,335.6777134329289,111.0663231422341,441.61621007699364
2024-08-20,39.58705195790263,104.34605306045168,146.883164849472,335.8613217705895,111.85268376453263,445.77322441799015
2024-08-21,38.64426729360465,104.43286905644955,149.03095281213217,332.9713378072997,114.28755359760939,443.0968239790766
2024-08-22,38.040452370313325,103.5767857729204,149.73740958852403,330.9930727292496,113.52853184786393,441.5156229678449
2024-08-23,38.68406143329433,102.7355531154781,150.74571300814196,333.23715165727305,113.27121201672267,430.1544679282513
2024-08-26,38.22879968832629,102.5744926876839,153.07666162643122,333.1794481007337,111.715423215559,428.46717529039086
2024-08-27,38.48677637020425,102.41307823915702,152.66692950986484,328.72071049790344,111.60076287996463,430.21145067891894
2024-08-28,38.45836218184566,100.93298690957505,152.30853885575922,326.1941739132086,111.57445778160678,434.45489421799556
2024-08-29,37.95706896339512,102.97147031866847,153.65675118549524,323.7354129023595,111.10010403809399,433.55026701134085
2024-08-30,37.79239572281853,102.81840241431483,154.44884975790887,323.8838124105084,110.20438746688386,435.3551695574953
2024-09-02,37.54983029463447,101.06315753509314,153.93587085258508,324.98310678739983,108.218508858526,438.3504328157479
2024-09-03,37.321452990011764,102.49745414355444,153.98492404718087,325.7240875257305,106.57101535203108,435.35756170812544
2024-09-04,37.678986886696684,101.55746226342622,152.9724589165689,323.41495086307276,105.41109749259509,431.97794463647875
2024-09-05,37.991445404487415,102.23180139067216,154.3220335506524,323.84705684457043,106.30093343731025,443.1951945429368
2024-09-06,37.7175617920648,102.23179034565791,156.114274285288,318.6624537562862,105.73359730629312,439.21242689331507
2024-09-09,37.29044312935212,102.57707250705475,156.08840639584935,307.62981902209293,104.73898713444481,446.5935214796741
2024-09-10,37.424810844992734,102.82036040171288,159.7957800285551,307.7503384452604,105.64263920259596,447.64065342921685
2024-09-11,37.37916571823741,102.09984883862207,156.68858361447982,301.7290359972083,106.43495599532771,456.5159309865165
2024-09-12,37.868071131997354,102.17442533254024,156.19249002472128,298.4687113523436,105.55603788229242,453.5995754975464
2024-09-13,39.15787469039397,104.84784909538884,159.565903765612,294.278067268822,104.84460419704988,457.1766910147172
2024-09-16,39.57751191110144,101.95518407739354,158.68369199317127,296.9260489093114,105.75522953233784,459.7245126092001
2024-09-17,39.56176803210793,102.06181019875486,155.47643885111586,292.7345766530881,106.2969555774918,459.11513478598806
2024-09-18,39.47767532246348,102.64466293172606,158.20394466355847,294.0497746054986,105.31580616290496,461.5578479955159
2024-09-19,39.05542072252497,101.31455266097814,159.2620107955287,292.53479371684364,105.6977022282177,457.8785523228304
2024-09-20,38.61336116460724,99.60173490219445,156.8446689430575,288.2958987702768,105.73848548649792,458.10101203915207
2024-09-23,38.12980257302594,102.36999506106997,158.35189927305046,282.9054743689659,107.23869258513037,456.52343671248616
2024-09-24,37.941865144554846,101.9138074751594,156.28634588408582,284.82528018462904,106.20746342569396,461.51369373289435
2024-09-25,37.739726940452165,104.64091103361648,153.63063474823596,286.4811809184046,107.41701505109302,461.67848738005097
2024-09-26,38.096526626723886,105.37220197951453,153.30271361993033,289.55378808352805,108.05488213203262,454.4826137727735
2024-09-27,37.90700338048906,105.49593653237075,152.3420795633675,296.58001599979326,106.83416694437598,453.0716375380764
2024-09-30,37.814322414723996,106.15320559267452,150.21280480627135,297.86285384640024,108.27386974126597,453.1931928738604
2024-10-01,37.2398268660821,107.0288033830257,149.48901217777492,299.1827244648115,109.5424614325866,448.8327677140428
2024-10-02,38.020982985819565,108.65465320668068,147.57341007948824,298.9763931612748,107.90165949253748,456.94319803810293
2024-10-03,38.26613502617995,109.27630494635055,147.6538480361238,299.6299645384881,110.5815630180772,459.9118944815359
2024-10-04,39.13991021834653,109.49904096436315,147.57961022914213,298.56166145649564,109.15012239614794,465.4111073256567
2024-10-07,39.53641586874327,109.76602890770194,148.943304254267,295.46153904257716,108.03164217607849,461.7238436616162
2024-10-08,40.28702671501965,111.67556015403957,148.05926439477275,303.2242634076416,107.69323898197129,460.1376426612152
2024-10-09,40.162693139066675,112.85513456353176,145.55944346705988,296.43275802127266,108.77507350477745,466.59335710398824
2024-10-10,40.528830814110535,111.46325689415775,143.12409487483365,297.6179860923229,109.62070542749316,459.09165039066846
2024-10-11,41.93578214596644,110.59790177458856,142.65054447079177,299.5161438549856,109.5767846952297,461.8641080023702
2024-10-14,41.29593417207293,111.08353066581665,145.41472568240178,300.31471019199796,111.4746828891604,463.0607368562623
2024-10-15,41.9141436530732,110.23877130044296,146.9509969841475,296.92309432714336,112.101757327735,460.8912771058925
2024-10-16,42.82213304961995,109.74062826467117,145.73540457382063,296.42806714758797,114.08465340523107,462.09069265478666
2024-10-17,43.05164698170518,108.45013560451373,147.44923837430082,294.9261615856702,118.10933170778117,456.6649891433126
2024-10-18,43.47043016368102,108.11639553191915,145.274883308597,291.169472952428,118.47225726491675,458.61306715592906
2024-10-21,44.17868805250046,108.7182719803748,147.11585070093466,291.2039723768367,114.93706503359562,452.43903868426685
2024-10-22,43.80891166150946,110.1135404180594,146.37585860470932,289.91194314170036,114.39607565223979,446.0178656297856
2024-10-23,44.041652562654804,110.14994829083102,147.77362087823016,288.096374211002,113.00435265067605,454.4682011243878
2024-10-24,43.55339720394891,113.09153587477854,148.9097721979009,290.77790058587016,113.21358032306134,451.2127217946529
2024-10-25,43.17745550198682,113.0069261628969,148.35883500225523,287.10866807930404,113.4308225017806,440.22492905585784
2024-10-28,42.83695803681878,117.6714884833676,148.94389260492528,288.88747491773444,111.84515559325446,446.221042392328
2024-10-29,42.75978726427467,119.19140685443139,146.9198314055399,286.8510143411751,110.37882928467792,442.63554849455244
2024-10-30,42.84225102994936,119.9653633065147,146.753114799958,288.57302350375124,110.10852952168072,424.3965832621746
2024-10-31,43.09461905286706,119.23902771704448,148.7449284577331,288.9970498433578,109.9282097672324,424.7243643488216
2024-11-01,42.315696489227,115.09514345418822,156.61542341663372,290.04418630932713,106.59655451175347,430.26293376927003
2024-11-04,43.411863022894124,114.89503033171455,157.98094330995215,286.65292700979217,107.93946673467401,432.7816725296509
2024-11-05,44.06577883662545,115.1779768689378,158.12501764722944,284.0291239401206,108.05971219522485,442.74638368281256
2024-11-06,44.48229229394517,118.02700762291506,156.08394283295783,281.13965820193687,108.1264196482415,442.7181312253621
2024-11-07,44.2791104158665,116.01790721714103,158.15525318008093,281.9082215463652,108.59632362070961,446.67411690093365
2024-11-08,44.22995808986926,118.86290244137396,154.8493026199335,284.7229348656763,107.33502418453858,441.7961420800356
2024-11-11,44.54554100432203,118.51264365192998,153.2566532459558,288.7676754012113,107.34802612449437,443.3501566970279
2024-11-12,44.78446816228171,119.62432382474746,153.92145853433215,287.10225757932767,108.78992702668812,452.5068631800277
2024-11-13,43.825582422977575,115.88188341838175,151.56530757502398,287.5557121539001,110.30400964615143,456.01902235632474
2024-11-14,44.24858628436653,116.10992013795342,154.51365562938872,281.90407115476165,111.00693539473836,457.62053983111457
2024-11-15,45.94805346772474,115.63295560737635,156.6317798237192,274.2832841212081,110.71235147660241,447.22360110861325
2024-11-18,44.86679357945863,116.65642623629203,155.480923108988,271.44255769180256,109.6921473200748,445.8066440572858
2024-11-19,45.44870694848133,116.81560934922175,154.36379421157574,269.30667687622747,111.55152226576304,439.40463082702394
2024-11-20,45.667766893649926,115.17124667995733,151.7832343446365,264.22069090842905,112.34922567759605,444.3179578804979
2024-11-21,45.60379404028721,116.57855420577808,149.0916502719952,258.49526690717437,111.8538845919568,440.929219076293
2024-11-22,46.42125008330452,117.62847212099578,149.8988941739249,260.35182571388526,109.0112284000369,443.571649743194
2024-11-25,45.718687743990024,118.54160242818406,151.0556415895416,257.8478192384591,107.93948122332374,438.7576739774244
2024-11-26,45.816854154731786,120.08374793144336,151.69864764522632,252.56382294067583,105.50385013746804,449.8055539885822
2024-11-27,46.69394741315092,121.78711609142363,152.17968948964932,260.1520910735172,107.20201812874616,443.9813778665209
2024-11-28,46.5770546679156,121.77974630816433,151.07682942863875,260.8205087649053,107.52842626712297,445.40633511590124
2024-11-29,46.32767466347002,119.74008846674766,151.73712169425636,259.88191844752424,106.63146340580668,460.8485043091837
2024-12-02,46.398427253922094,117.69409764102524,148.91164917093607,262.2041638070258,106.34908763667727,462.77188758984096
2024-12-03,46.13402140847053,119.73828687641246,148.89849888243953,259.8079173134308,109.86881146558027,458.48006635368847
2024-12-04,47.06887694720181,120.84074243844647,151.6693543936182,265.1381729480029,111.60118641536974,462.6810454744485
2024-12-05,46.52135711932609,121.02210745475105,154.1973219608604,260.14894949216637,109.85721979449194,469.1099495481039
2024-12-06,47.05190972194921,120.3869896402111,153.26743935099543,255.9967718599901,109.76186205598512,474.91549840307016
2024-12-09,46.29715188365315,120.46067309995573,152.59215102502193,255.6372596816353,108.19493883502136,464.1537160391792
2024-12-10,46.70180081947276,120.5241320367702,155.2436532382096,253.26947880251151,106.00512617166561,466.10203836785803
2024-12-11,46.64026679166896,120.03958021959883,158.7615720524768,257.8740153383702,106.3107031013109,454.64847823955756
2024-12-12,45.107658710572366,119.0125468188396,155.7565393052714,252.80504437372895,109.59750769203362,466.18390098016624
2024-12-13,45.1059575561252,122.32862097524271,154.88945633468703,250.56244565269787,111.80642851183681,467.30174109907
2024-12-16,44.488727417431384,122.70767592982881,155.31926786756063,251.37831698385267,111.94915839582262,465.33755640648377
2024-12-17,44.235189596099495,121.80078172349346,157.7008983681359,253.22383714091694,111.51363981108328,469.9493005217815
2024-12-18,45.12723657047729,119.84468638974971,156.0092699713067,256.4926978532252,111.87338114168276,473.51852782368553
2024-12-19,44.48067834304405,118.7794045183444,157.2519395868554,257.6594850402076,113.39340138960057,467.3074123786514
2024-12-20,43.87578170541426,119.88704601729243,156.62640578575187,264.94798266863603,111.44938775358129,477.5540712550195
2024-12-23,44.70384657730935,121.0639645751592,161.37289610539597,263.4287930294495,108.98724559836394,476.8376170426598
2024-12-24,44.77280723096587,120.75724954849574,162.22264332824142,264.06112929256756,111.63146474305239,467.24140340598734
2024-12-25,45.67752529567801,120.86184393709574,161.91651608110422,266.96560941759896,112.10124471791394,476.16303901111684
2024-12-26,45.87115695011269,120.42402949238576,161.20213199331138,265.953973591434,114.43413495414362,486.062533864923
2024-12-27,45.35172768438884,118.780345786926,163.33889666029785,265.01991434015963,114.85571896239847,494.45698129568035
2024-12-30,45.314593226653635,120.77024568056332,164.7178427230317,263.5193925002441,117.06114410031144,498.5995981982999
2024-12-31,46.043901907166926,121.36457036611166,162.44760815769814,261.43411690441496,116.26419082504593,493.8507460260528
