,AAA,BBB,CCC,DDD,EEE,FFF
2019-01-01,,,,,,
2019-01-02,,,,,,
2019-01-03,,,,,,
2019-01-04,,,,,,
2019-01-07,,,,,,
2019-01-08,,,,,,
2019-01-09,,,,,,
2019-01-10,,,,,,
2019-01-11,,,,,,
2019-01-14,,,,,,
2019-01-15,,,,,,
2019-01-16,,,,,,
2019-01-17,,,,,,
2019-01-18,,,,,,
2019-01-21,,,,,,
2019-01-22,,,,,,
2019-01-23,,,,,,
2019-01-24,,,,,,
2019-01-25,,,,,,
2019-01-28,,,,,,
2019-01-29,,,,,,
2019-01-30,,,,,,
2019-01-31,,,,,,
2019-02-01,,,,,,
2019-02-04,,,,,,
2019-02-05,,,,,,
2019-02-06,,,,,,
2019-02-07,,,,,,
2019-02-08,,,,,,
2019-02-11,,,,,,
2019-02-12,,,,,,
2019-02-13,,,,,,
2019-02-14,,,,,,
2019-02-15,,,,,,
2019-02-18,,,,,,
2019-02-19,,,,,,
2019-02-20,,,,,,
2019-02-21,,,,,,
2019-02-22,,,,,,
2019-02-25,,,,,,
2019-02-26,,,,,,
2019-02-27,,,,,,
2019-02-28,,,,,,
2019-03-01,,,,,,
2019-03-04,,,,,,
2019-03-05,,,,,,
2019-03-06,,,,,,
2019-03-07,,,,,,
2019-03-08,,,,,,
2019-03-11,,,,,,
2019-03-12,,,,,,
2019-03-13,,,,,,
2019-03-14,,,,,,
2019-03-15,,,,,,
2019-03-18,,,,,,
2019-03-19,,,,,,
2019-03-20,,,,,,
2019-03-21,,,,,,
2019-03-22,,,,,,
2019-03-25,,,,,,
2019-03-26,,,,,,
2019-03-27,,,,,,
2019-03-28,,,,,,
2019-03-29,0.4833333333333333,0.3833333333333333,0.9583333333333334,0.6166666666666667,0.4333333333333333,0.625
2019-04-01,0.3416666666666666,0.4666666666666667,0.8583333333333334,0.6666666666666666,0.5583333333333332,0.6083333333333334
2019-04-02,0.4083333333333333,0.48333333333333334,0.875,0.675,0.4333333333333333,0.625
2019-04-03,0.525,0.5,0.875,0.65,0.4333333333333333,0.5166666666666667
2019-04-04,0.6,0.5833333333333334,0.875,0.4666666666666667,0.36666666666666664,0.6083333333333333
2019-04-05,0.4083333333333333,0.45,0.8666666666666667,0.7666666666666667,0.36666666666666664,0.6416666666666666
2019-04-08,0.30833333333333335,0.4666666666666666,1.0,0.5916666666666667,0.3833333333333333,0.7500000000000001
2019-04-09,0.325,0.5,0.9666666666666667,0.49166666666666664,0.36666666666666664,0.85
2019-04-10,0.2583333333333333,0.49166666666666664,0.9583333333333334,0.5083333333333333,0.4083333333333333,0.8750000000000001
2019-04-11,0.19166666666666665,0.4083333333333333,1.0,0.5333333333333333,0.5333333333333333,0.8333333333333334
2019-04-12,0.19166666666666665,0.44999999999999996,0.9500000000000001,0.49166666666666664,0.5333333333333333,0.8833333333333334
2019-04-15,0.2333333333333333,0.30833333333333335,0.9500000000000001,0.4583333333333333,0.6666666666666666,0.8833333333333334
2019-04-16,0.25,0.30833333333333335,0.9416666666666668,0.44166666666666665,0.6833333333333333,0.8750000000000001
2019-04-17,0.19166666666666665,0.36666666666666664,0.9416666666666668,0.4666666666666666,0.6416666666666666,0.8916666666666667
2019-04-18,0.20833333333333331,0.425,0.9583333333333334,0.36666666666666664,0.6666666666666666,0.8750000000000001
2019-04-19,0.21666666666666665,0.3833333333333333,0.9500000000000001,0.39999999999999997,0.6916666666666667,0.8583333333333334
2019-04-22,0.31666666666666665,0.36666666666666664,1.0,0.31666666666666665,0.6833333333333333,0.8166666666666667
2019-04-23,0.2333333333333333,0.30833333333333335,0.9916666666666667,0.5499999999999999,0.6,0.8166666666666667
2019-04-24,0.2333333333333333,0.26666666666666666,0.9916666666666667,0.5916666666666666,0.6166666666666666,0.8
2019-04-25,0.29166666666666663,0.20833333333333331,1.0,0.6083333333333333,0.6,0.7916666666666666
2019-04-26,0.2833333333333333,0.4083333333333333,0.9833333333333334,0.7166666666666667,0.5166666666666667,0.5916666666666667
2019-04-29,0.2833333333333333,0.43333333333333335,0.9833333333333334,0.775,0.475,0.55
2019-04-30,0.26666666666666666,0.5,0.9500000000000001,0.7333333333333333,0.5583333333333333,0.4916666666666667
2019-05-01,0.26666666666666666,0.5833333333333334,0.9416666666666668,0.675,0.5166666666666667,0.5166666666666667
2019-05-02,0.26666666666666666,0.6333333333333333,0.8833333333333333,0.75,0.44999999999999996,0.5166666666666667
2019-05-03,0.3416666666666667,0.5666666666666667,0.8,0.7916666666666666,0.4749999999999999,0.5250000000000001
2019-05-06,0.5249999999999999,0.55,0.7166666666666667,0.8166666666666667,0.3166666666666667,0.5750000000000001
2019-05-07,0.5666666666666667,0.575,0.7416666666666667,0.775,0.3166666666666667,0.525
2019-05-08,0.5333333333333333,0.525,0.6833333333333333,0.8,0.3833333333333333,0.5750000000000001
2019-05-09,0.5333333333333333,0.325,0.6833333333333333,0.825,0.6,0.5333333333333333
2019-05-10,0.6583333333333333,0.30833333333333335,0.725,0.7916666666666666,0.6083333333333333,0.40833333333333327
2019-05-13,0.6916666666666667,0.30833333333333335,0.725,0.75,0.6166666666666667,0.40833333333333327
2019-05-14,0.725,0.26666666666666666,0.6333333333333334,0.825,0.5833333333333334,0.4666666666666666
2019-05-15,0.7083333333333333,0.24999999999999997,0.6916666666666667,0.9,0.4749999999999999,0.475
2019-05-16,0.7083333333333333,0.27499999999999997,0.6749999999999999,0.9,0.4083333333333333,0.5333333333333333
2019-05-17,0.425,0.31666666666666665,0.6333333333333334,0.9416666666666667,0.5583333333333333,0.625
2019-05-20,0.325,0.27499999999999997,0.6,0.9333333333333333,0.5833333333333333,0.7833333333333333
2019-05-21,0.3166666666666667,0.26666666666666666,0.6166666666666667,0.9416666666666667,0.5833333333333333,0.775
2019-05-22,0.27499999999999997,0.3333333333333333,0.6583333333333333,0.9333333333333333,0.5166666666666666,0.7833333333333333
2019-05-23,0.26666666666666666,0.31666666666666665,0.6833333333333333,0.9,0.5416666666666666,0.7916666666666666
2019-05-24,0.41666666666666663,0.20833333333333331,0.6583333333333333,0.8833333333333334,0.49999999999999994,0.8333333333333333
2019-05-27,0.4333333333333333,0.20833333333333331,0.6583333333333333,0.8583333333333334,0.48333333333333334,0.8583333333333333
2019-05-28,0.4333333333333333,0.20833333333333331,0.6583333333333333,0.8583333333333334,0.48333333333333334,0.8583333333333333
2019-05-29,0.5083333333333333,0.21666666666666665,0.6166666666666667,0.8333333333333334,0.44166666666666665,0.8833333333333333
2019-05-30,0.5083333333333333,0.35,0.5916666666666667,0.8666666666666667,0.33333333333333337,0.85
2019-05-31,0.5833333333333333,0.26666666666666666,0.5,0.9166666666666667,0.37499999999999994,0.8583333333333333
2019-06-03,0.5166666666666666,0.425,0.5333333333333334,0.8333333333333334,0.30833333333333335,0.8833333333333333
2019-06-04,0.5166666666666666,0.55,0.5499999999999999,0.7333333333333334,0.26666666666666666,0.8833333333333333
2019-06-05,0.625,0.4583333333333333,0.5499999999999999,0.7166666666666668,0.26666666666666666,0.8833333333333333
2019-06-06,0.5333333333333333,0.5583333333333333,0.5666666666666667,0.7000000000000001,0.26666666666666666,0.875
2019-06-07,0.5499999999999999,0.5666666666666667,0.575,0.7166666666666668,0.20833333333333331,0.8833333333333333
2019-06-10,0.6666666666666666,0.3833333333333333,0.4083333333333333,0.7583333333333333,0.3416666666666667,0.9416666666666667
2019-06-11,0.6499999999999999,0.375,0.4,0.8083333333333333,0.325,0.9416666666666667
2019-06-12,0.6166666666666666,0.35000000000000003,0.475,0.7083333333333334,0.35,1.0
2019-06-13,0.5333333333333333,0.27499999999999997,0.5416666666666666,0.7500000000000001,0.39999999999999997,1.0
2019-06-14,0.6083333333333334,0.22499999999999998,0.5583333333333333,0.7500000000000001,0.3583333333333333,1.0
2019-06-17,0.6,0.3333333333333333,0.7,0.6333333333333334,0.24999999999999997,0.9833333333333334
2019-06-18,0.6083333333333334,0.2583333333333333,0.6583333333333333,0.7333333333333334,0.24166666666666664,1.0
2019-06-19,0.5583333333333333,0.26666666666666666,0.825,0.5583333333333333,0.30833333333333335,0.9833333333333334
2019-06-20,0.4583333333333333,0.21666666666666665,0.8666666666666667,0.5,0.5166666666666666,0.9416666666666668
2019-06-21,0.39166666666666666,0.21666666666666665,0.7916666666666666,0.6083333333333334,0.5333333333333333,0.9583333333333334
2019-06-24,0.39166666666666666,0.21666666666666665,0.8666666666666667,0.55,0.5750000000000001,0.9
2019-06-25,0.39999999999999997,0.16666666666666666,0.8666666666666667,0.5916666666666667,0.5750000000000001,0.9
2019-06-26,0.36666666666666664,0.175,0.7916666666666666,0.65,0.6,0.9166666666666666
2019-06-27,0.3916666666666666,0.16666666666666666,0.7666666666666666,0.6583333333333333,0.6,0.9166666666666666
2019-06-28,0.31666666666666665,0.18333333333333332,0.7083333333333333,0.7500000000000001,0.625,0.9166666666666666
2019-07-01,0.35,0.18333333333333332,0.6666666666666666,0.7500000000000001,0.5916666666666667,0.9583333333333334
2019-07-02,0.2833333333333333,0.24166666666666664,0.625,0.7916666666666667,0.5583333333333333,1.0
2019-07-03,0.3083333333333333,0.20833333333333331,0.5916666666666667,0.7916666666666667,0.6416666666666666,0.9583333333333334
2019-07-04,0.3083333333333333,0.20833333333333331,0.7333333333333333,0.65,0.6833333333333332,0.9166666666666666
2019-07-05,0.2833333333333333,0.21666666666666665,0.7333333333333333,0.6916666666666667,0.6583333333333333,0.9166666666666666
2019-07-08,0.3083333333333333,0.20833333333333331,0.6749999999999999,0.7500000000000001,0.6416666666666666,0.9166666666666666
2019-07-09,0.4749999999999999,0.16666666666666666,0.7166666666666667,0.6833333333333333,0.5833333333333333,0.875
2019-07-10,0.4333333333333333,0.16666666666666666,0.7583333333333333,0.5833333333333334,0.6916666666666665,0.8666666666666667
2019-07-11,0.41666666666666663,0.20833333333333331,0.7833333333333333,0.5583333333333335,0.6916666666666665,0.8416666666666667
2019-07-12,0.44999999999999996,0.22499999999999998,0.7416666666666667,0.5250000000000001,0.6833333333333332,0.875
2019-07-15,0.40833333333333327,0.22499999999999998,0.675,0.5000000000000001,0.7333333333333334,0.9583333333333334
2019-07-16,0.4749999999999999,0.22499999999999998,0.6333333333333333,0.47500000000000003,0.75,0.9416666666666668
2019-07-17,0.4333333333333333,0.30833333333333335,0.5916666666666667,0.47500000000000003,0.7333333333333334,0.9583333333333334
2019-07-18,0.37499999999999994,0.4083333333333333,0.6916666666666667,0.45000000000000007,0.575,1.0
2019-07-19,0.3333333333333333,0.45000000000000007,0.6583333333333333,0.45000000000000007,0.6083333333333333,1.0
2019-07-22,0.30833333333333335,0.5333333333333333,0.6749999999999999,0.45000000000000007,0.5916666666666667,0.9416666666666668
2019-07-23,0.20833333333333331,0.6166666666666667,0.6083333333333334,0.4916666666666667,0.6333333333333333,0.9416666666666668
2019-07-24,0.26666666666666666,0.49999999999999994,0.7,0.4916666666666667,0.5916666666666667,0.9500000000000001
2019-07-25,0.26666666666666666,0.575,0.6916666666666667,0.5333333333333334,0.4833333333333333,0.9500000000000001
2019-07-26,0.3,0.5583333333333333,0.7249999999999999,0.6000000000000001,0.3833333333333333,0.9333333333333333
2019-07-29,0.3416666666666667,0.6,0.65,0.6833333333333332,0.27499999999999997,0.9500000000000001
2019-07-30,0.3833333333333333,0.5666666666666667,0.5666666666666667,0.85,0.24999999999999997,0.8833333333333333
2019-07-31,0.36666666666666664,0.55,0.5249999999999999,0.85,0.3083333333333333,0.9
2019-08-01,0.36666666666666664,0.5083333333333334,0.5166666666666666,0.8916666666666667,0.31666666666666665,0.9
2019-08-02,0.325,0.48333333333333334,0.44166666666666665,0.8916666666666667,0.4583333333333333,0.9
2019-08-05,0.3666666666666667,0.525,0.49999999999999994,0.9166666666666666,0.37499999999999994,0.8166666666666667
2019-08-06,0.30000000000000004,0.6416666666666666,0.5416666666666666,0.9166666666666666,0.36666666666666664,0.7333333333333333
2019-08-07,0.30000000000000004,0.6833333333333332,0.6416666666666667,0.8083333333333333,0.325,0.7416666666666667
2019-08-08,0.2916666666666667,0.48333333333333334,0.6749999999999999,0.825,0.4333333333333333,0.7916666666666666
2019-08-09,0.3416666666666667,0.4833333333333333,0.625,0.7583333333333333,0.5,0.7916666666666666
2019-08-12,0.33333333333333337,0.5916666666666667,0.5249999999999999,0.7500000000000001,0.5083333333333333,0.7916666666666666
2019-08-13,0.30000000000000004,0.45,0.6916666666666667,0.6000000000000001,0.6666666666666665,0.7916666666666666
2019-08-14,0.26666666666666666,0.39999999999999997,0.75,0.65,0.6416666666666666,0.7916666666666666
2019-08-15,0.39166666666666666,0.2333333333333333,0.7833333333333332,0.7166666666666668,0.6166666666666667,0.7583333333333333
2019-08-16,0.35000000000000003,0.27499999999999997,0.7,0.7333333333333334,0.6999999999999998,0.7416666666666667
2019-08-19,0.3666666666666667,0.2583333333333333,0.5583333333333333,0.8583333333333334,0.7249999999999999,0.7333333333333333
2019-08-20,0.35000000000000003,0.3333333333333333,0.475,0.9,0.7916666666666666,0.65
2019-08-21,0.30833333333333335,0.37499999999999994,0.44166666666666665,0.875,0.8166666666666667,0.6833333333333333
2019-08-22,0.325,0.37499999999999994,0.425,0.8333333333333334,0.8833333333333333,0.6583333333333333
2019-08-23,0.325,0.3583333333333333,0.44166666666666665,0.8666666666666667,0.85,0.6583333333333333
2019-08-26,0.325,0.4583333333333333,0.3833333333333333,0.9,0.8166666666666667,0.6166666666666667
2019-08-27,0.325,0.4583333333333333,0.3833333333333333,0.8583333333333334,0.8583333333333333,0.6166666666666667
2019-08-28,0.30833333333333335,0.3583333333333333,0.4583333333333333,0.8583333333333334,0.8583333333333333,0.6583333333333333
2019-08-29,0.30000000000000004,0.48333333333333334,0.40833333333333327,0.8333333333333334,0.8833333333333333,0.5916666666666667
2019-08-30,0.2583333333333333,0.4833333333333333,0.3833333333333333,0.8666666666666667,0.85,0.6583333333333333
2019-09-02,0.2583333333333333,0.49999999999999994,0.3833333333333333,0.9,0.8166666666666667,0.6416666666666667
2019-09-03,0.2583333333333333,0.49999999999999994,0.3833333333333333,0.9416666666666667,0.775,0.6416666666666667
2019-09-04,0.2833333333333333,0.4583333333333333,0.3833333333333333,0.9416666666666667,0.7583333333333333,0.675
2019-09-05,0.26666666666666666,0.49999999999999994,0.37499999999999994,0.925,0.7916666666666666,0.6416666666666667
2019-09-06,0.26666666666666666,0.5833333333333333,0.4333333333333333,0.9083333333333333,0.775,0.5333333333333333
2019-09-09,0.26666666666666666,0.5416666666666667,0.37499999999999994,0.9333333333333333,0.7416666666666666,0.6416666666666667
2019-09-10,0.2833333333333333,0.44999999999999996,0.3916666666666666,0.8583333333333334,0.8583333333333333,0.6583333333333333
2019-09-11,0.24999999999999997,0.49999999999999994,0.3916666666666666,1.0,0.775,0.5833333333333334
2019-09-12,0.26666666666666666,0.6,0.37499999999999994,0.9833333333333334,0.7166666666666666,0.5583333333333335
2019-09-13,0.325,0.625,0.41666666666666663,0.9833333333333334,0.6333333333333333,0.5166666666666667
2019-09-16,0.30833333333333335,0.7166666666666666,0.3583333333333333,0.9500000000000001,0.6333333333333333,0.5333333333333334
2019-09-17,0.2916666666666667,0.7083333333333333,0.37499999999999994,0.9583333333333334,0.6333333333333333,0.5333333333333334
2019-09-18,0.36666666666666664,0.7083333333333333,0.3333333333333333,0.9583333333333334,0.575,0.5583333333333333
2019-09-19,0.42499999999999993,0.5833333333333334,0.325,0.9833333333333334,0.5166666666666667,0.6666666666666666
2019-09-20,0.55,0.41666666666666663,0.3416666666666667,0.925,0.49166666666666664,0.775
2019-09-23,0.4083333333333333,0.4583333333333333,0.35,0.9166666666666666,0.49166666666666664,0.8750000000000001
2019-09-24,0.30833333333333335,0.425,0.40833333333333327,0.9583333333333334,0.525,0.8750000000000001
2019-09-25,0.30833333333333335,0.49999999999999994,0.5,0.8583333333333334,0.44166666666666665,0.8916666666666667
2019-09-26,0.36666666666666664,0.4666666666666666,0.49166666666666664,0.8666666666666667,0.4666666666666666,0.8416666666666668
2019-09-27,0.36666666666666664,0.44166666666666665,0.575,0.8583333333333334,0.41666666666666663,0.8416666666666668
2019-09-30,0.44166666666666665,0.4833333333333333,0.4666666666666667,0.8666666666666667,0.41666666666666663,0.8250000000000001
2019-10-01,0.55,0.6833333333333333,0.4083333333333333,0.7833333333333334,0.44166666666666665,0.6333333333333333
2019-10-02,0.6666666666666666,0.8,0.30000000000000004,0.75,0.4166666666666667,0.5666666666666668
2019-10-03,0.7166666666666666,0.7166666666666667,0.30833333333333335,0.7083333333333333,0.5416666666666666,0.5083333333333333
2019-10-04,0.6583333333333333,0.8333333333333334,0.4,0.7083333333333334,0.5,0.4
2019-10-07,0.7166666666666666,0.8333333333333334,0.2916666666666667,0.7333333333333334,0.5166666666666667,0.4083333333333333
2019-10-08,0.675,0.875,0.30000000000000004,0.7333333333333334,0.45,0.4666666666666666
2019-10-09,0.7416666666666666,0.7833333333333333,0.24999999999999997,0.775,0.525,0.425
2019-10-10,0.7166666666666666,0.8333333333333334,0.26666666666666666,0.75,0.5416666666666666,0.39166666666666666
2019-10-11,0.7416666666666666,0.8083333333333333,0.2583333333333333,0.75,0.49166666666666664,0.44999999999999996
2019-10-14,0.7416666666666666,0.7666666666666666,0.2916666666666667,0.875,0.35,0.475
2019-10-15,0.7666666666666666,0.7666666666666666,0.2916666666666667,0.7666666666666667,0.3083333333333333,0.6
2019-10-16,0.7666666666666666,0.6083333333333333,0.24999999999999997,0.7666666666666667,0.5,0.6083333333333333
2019-10-17,0.6416666666666667,0.35833333333333334,0.30833333333333335,0.8583333333333334,0.5249999999999999,0.8083333333333333
2019-10-18,0.6833333333333333,0.35,0.30833333333333335,0.875,0.4833333333333333,0.7999999999999999
2019-10-21,0.55,0.4583333333333333,0.3666666666666667,0.7666666666666667,0.6666666666666666,0.6916666666666667
2019-10-22,0.4583333333333333,0.6,0.4916666666666667,0.7166666666666667,0.8083333333333333,0.425
2019-10-23,0.6333333333333333,0.3916666666666666,0.4666666666666667,0.6666666666666667,0.7999999999999999,0.5416666666666666
2019-10-24,0.4583333333333333,0.5499999999999999,0.4666666666666667,0.7333333333333333,0.825,0.4666666666666666
2019-10-25,0.24999999999999997,0.55,0.45,0.7416666666666667,0.8333333333333334,0.6749999999999999
2019-10-28,0.24999999999999997,0.65,0.375,0.7583333333333334,0.9083333333333333,0.5583333333333333
2019-10-29,0.24999999999999997,0.7,0.3333333333333333,0.7333333333333334,0.8583333333333333,0.625
2019-10-30,0.19166666666666665,0.5583333333333333,0.39166666666666666,0.8083333333333333,0.8166666666666667,0.7333333333333333
2019-10-31,0.16666666666666666,0.41666666666666663,0.525,0.825,0.7083333333333334,0.8583333333333333
2019-11-01,0.22499999999999998,0.49999999999999994,0.41666666666666663,0.875,0.7416666666666667,0.7416666666666666
2019-11-04,0.22499999999999998,0.41666666666666663,0.44166666666666665,0.825,0.7833333333333333,0.8083333333333333
2019-11-05,0.175,0.3833333333333333,0.525,0.8083333333333333,0.7916666666666666,0.8166666666666667
2019-11-06,0.16666666666666666,0.3916666666666666,0.5583333333333333,0.7916666666666666,0.7083333333333334,0.8833333333333333
2019-11-07,0.16666666666666666,0.3916666666666666,0.525,0.8083333333333333,0.725,0.8833333333333333
2019-11-08,0.18333333333333332,0.37499999999999994,0.525,0.8083333333333333,0.725,0.8833333333333333
2019-11-11,0.18333333333333332,0.37499999999999994,0.5833333333333334,0.7916666666666666,0.6833333333333333,0.8833333333333333
2019-11-12,0.18333333333333332,0.37499999999999994,0.6916666666666667,0.675,0.8416666666666667,0.7333333333333333
2019-11-13,0.21666666666666665,0.3416666666666667,0.7666666666666666,0.7416666666666666,0.8333333333333334,0.6
2019-11-14,0.21666666666666665,0.2833333333333333,0.825,0.7,0.8166666666666667,0.6583333333333333
2019-11-15,0.20833333333333331,0.29166666666666663,0.825,0.7833333333333332,0.8333333333333334,0.5583333333333333
2019-11-18,0.2583333333333333,0.2833333333333333,0.85,0.7833333333333332,0.8666666666666667,0.4583333333333333
2019-11-19,0.20833333333333331,0.29166666666666663,0.7166666666666667,0.675,0.9,0.7083333333333334
2019-11-20,0.21666666666666665,0.2833333333333333,0.6916666666666665,0.675,0.8833333333333334,0.7499999999999999
2019-11-21,0.24999999999999997,0.24999999999999997,0.7166666666666667,0.675,0.9,0.7083333333333334
2019-11-22,0.29166666666666663,0.24999999999999997,0.6499999999999999,0.6333333333333333,0.8666666666666667,0.8083333333333333
2019-11-25,0.31666666666666665,0.22499999999999998,0.6083333333333333,0.6333333333333333,0.8833333333333334,0.8333333333333333
2019-11-26,0.41666666666666663,0.16666666666666666,0.5833333333333333,0.6333333333333333,0.7583333333333333,0.9416666666666667
2019-11-27,0.4583333333333333,0.16666666666666666,0.6749999999999999,0.6833333333333332,0.7,0.8166666666666667
2019-11-28,0.475,0.22499999999999998,0.825,0.5583333333333333,0.6916666666666667,0.725
2019-11-29,0.475,0.22499999999999998,0.825,0.44166666666666665,0.7333333333333334,0.7999999999999999
2019-12-02,0.31666666666666665,0.30833333333333335,0.9333333333333333,0.475,0.7666666666666666,0.7
2019-12-03,0.33333333333333337,0.3916666666666666,0.825,0.5166666666666667,0.65,0.7833333333333332
2019-12-04,0.3666666666666667,0.41666666666666663,0.825,0.5000000000000001,0.5833333333333333,0.8083333333333333
2019-12-05,0.325,0.5416666666666667,0.9333333333333333,0.43333333333333335,0.4749999999999999,0.7916666666666666
2019-12-06,0.30833333333333335,0.5333333333333333,1.0,0.4166666666666667,0.5083333333333333,0.7333333333333334
2019-12-09,0.30833333333333335,0.55,0.925,0.35833333333333334,0.5666666666666667,0.7916666666666666
2019-12-10,0.4083333333333333,0.4583333333333333,0.9833333333333334,0.3333333333333333,0.7083333333333333,0.6083333333333333
2019-12-11,0.47500000000000003,0.475,0.8583333333333333,0.3416666666666667,0.6916666666666667,0.6583333333333333
2019-12-12,0.3666666666666667,0.6416666666666666,0.9,0.31666666666666665,0.6749999999999999,0.6000000000000001
2019-12-13,0.34166666666666673,0.6666666666666666,0.9,0.36666666666666664,0.6499999999999999,0.5750000000000001
2019-12-16,0.33333333333333337,0.6416666666666666,0.9,0.40833333333333327,0.7333333333333334,0.4833333333333333
2019-12-17,0.24999999999999997,0.725,0.9416666666666668,0.35,0.7166666666666667,0.5166666666666666
2019-12-18,0.21666666666666665,0.7333333333333334,0.9583333333333334,0.4333333333333333,0.7333333333333334,0.42500000000000004
2019-12-19,0.22499999999999998,0.6916666666666665,0.9500000000000001,0.41666666666666663,0.8,0.4166666666666667
2019-12-20,0.24166666666666664,0.7916666666666666,0.9583333333333334,0.36666666666666664,0.75,0.3916666666666667
2019-12-23,0.2833333333333333,0.7083333333333333,0.825,0.325,0.9083333333333333,0.45
2019-12-24,0.24999999999999997,0.75,0.9416666666666668,0.35,0.75,0.4583333333333333
2019-12-25,0.26666666666666666,0.8333333333333333,0.9416666666666668,0.36666666666666664,0.7083333333333334,0.38333333333333336
2019-12-26,0.325,0.7583333333333334,0.9583333333333334,0.3916666666666666,0.6416666666666666,0.42500000000000004
2019-12-27,0.325,0.7583333333333334,0.9583333333333334,0.3583333333333333,0.5583333333333333,0.5416666666666666
2019-12-30,0.325,0.7416666666666667,0.9583333333333334,0.31666666666666665,0.5166666666666667,0.6416666666666667
2019-12-31,0.35000000000000003,0.7833333333333333,0.8166666666666667,0.35,0.44166666666666665,0.7583333333333333
2020-01-01,0.325,0.5916666666666667,0.7916666666666667,0.4333333333333333,0.44166666666666665,0.9166666666666666
2020-01-02,0.38333333333333336,0.5916666666666667,0.6583333333333333,0.44999999999999996,0.49999999999999994,0.9166666666666666
2020-01-03,0.41666666666666674,0.4583333333333333,0.7166666666666667,0.5083333333333333,0.49999999999999994,0.9
2020-01-06,0.4,0.5249999999999999,0.6666666666666666,0.44999999999999996,0.5166666666666666,0.9416666666666667
2020-01-07,0.42500000000000004,0.49999999999999994,0.5916666666666667,0.5333333333333333,0.44999999999999996,1.0
2020-01-08,0.42500000000000004,0.525,0.4916666666666667,0.5583333333333333,0.49999999999999994,1.0
2020-01-09,0.44999999999999996,0.44999999999999996,0.5916666666666667,0.38333333333333336,0.6249999999999999,1.0
2020-01-10,0.38333333333333336,0.3416666666666667,0.4833333333333333,0.6000000000000001,0.6916666666666667,1.0
2020-01-13,0.325,0.4666666666666666,0.47500000000000003,0.5583333333333333,0.6749999999999999,1.0
2020-01-14,0.30833333333333335,0.5083333333333333,0.47500000000000003,0.5916666666666666,0.625,0.9916666666666667
2020-01-15,0.30833333333333335,0.40833333333333327,0.4083333333333333,0.6833333333333332,0.7083333333333333,0.9833333333333334
2020-01-16,0.39999999999999997,0.35000000000000003,0.35000000000000003,0.6499999999999999,0.7583333333333334,0.9916666666666667
2020-01-17,0.4666666666666667,0.26666666666666666,0.4083333333333333,0.6749999999999999,0.6916666666666667,0.9916666666666667
2020-01-20,0.4833333333333333,0.29166666666666663,0.4416666666666667,0.7,0.5833333333333334,1.0
2020-01-21,0.5083333333333333,0.26666666666666666,0.5083333333333334,0.7166666666666667,0.5166666666666667,0.9833333333333334
2020-01-22,0.5083333333333333,0.26666666666666666,0.4666666666666667,0.7166666666666667,0.5583333333333333,0.9833333333333334
2020-01-23,0.375,0.31666666666666665,0.4666666666666667,0.725,0.625,0.9916666666666667
2020-01-24,0.3833333333333333,0.375,0.4000000000000001,0.7333333333333333,0.625,0.9833333333333334
2020-01-27,0.3333333333333333,0.4666666666666666,0.42500000000000004,0.7166666666666667,0.5583333333333333,1.0
2020-01-28,0.3583333333333333,0.4666666666666666,0.6166666666666666,0.7166666666666667,0.3416666666666667,1.0
2020-01-29,0.20833333333333331,0.44166666666666665,0.7416666666666667,0.7166666666666667,0.4083333333333333,0.9833333333333334
2020-01-30,0.20833333333333331,0.44166666666666665,0.75,0.7,0.4083333333333333,0.9916666666666667
2020-01-31,0.20833333333333331,0.5416666666666666,0.6583333333333333,0.7166666666666667,0.4083333333333333,0.9666666666666667
2020-02-03,0.27499999999999997,0.5416666666666666,0.6583333333333333,0.7,0.3416666666666667,0.9833333333333334
2020-02-04,0.27499999999999997,0.5333333333333333,0.7416666666666667,0.6416666666666667,0.3416666666666667,0.9666666666666667
2020-02-05,0.27499999999999997,0.6833333333333332,0.7416666666666667,0.6166666666666667,0.3416666666666667,0.8416666666666667
2020-02-06,0.39999999999999997,0.8333333333333333,0.6333333333333334,0.5333333333333333,0.2833333333333333,0.8166666666666668
2020-02-07,0.44166666666666665,0.8333333333333333,0.6333333333333334,0.49166666666666664,0.325,0.775
2020-02-10,0.48333333333333334,0.8916666666666667,0.5333333333333333,0.5499999999999999,0.26666666666666666,0.775
2020-02-11,0.3583333333333333,0.8916666666666667,0.6749999999999999,0.5499999999999999,0.26666666666666666,0.7583333333333333
2020-02-12,0.48333333333333334,0.8916666666666667,0.5499999999999999,0.5333333333333333,0.26666666666666666,0.775
2020-02-13,0.5583333333333333,0.8916666666666667,0.5333333333333333,0.5499999999999999,0.20833333333333331,0.7583333333333333
2020-02-14,0.55,0.9166666666666666,0.5499999999999999,0.575,0.22499999999999998,0.6833333333333333
2020-02-17,0.5666666666666667,0.8583333333333334,0.49166666666666664,0.6333333333333333,0.20833333333333331,0.7416666666666667
2020-02-18,0.5833333333333334,0.8750000000000001,0.475,0.5666666666666667,0.22499999999999998,0.775
2020-02-19,0.5916666666666667,0.8583333333333334,0.475,0.5666666666666667,0.22499999999999998,0.7833333333333333
2020-02-20,0.5583333333333333,0.9166666666666666,0.5499999999999999,0.5666666666666667,0.20833333333333331,0.7
2020-02-21,0.5583333333333333,0.9166666666666666,0.5333333333333333,0.5666666666666667,0.20833333333333331,0.7166666666666667
2020-02-24,0.5416666666666667,0.9,0.3833333333333333,0.7249999999999999,0.2583333333333333,0.6916666666666667
2020-02-25,0.5833333333333334,0.9416666666666667,0.3916666666666666,0.6916666666666665,0.24999999999999997,0.6416666666666667
2020-02-26,0.55,0.9083333333333333,0.44999999999999996,0.7583333333333333,0.20833333333333331,0.625
2020-02-27,0.5833333333333334,0.8833333333333333,0.44999999999999996,0.725,0.20833333333333331,0.65
2020-02-28,0.6999999999999998,0.825,0.3916666666666666,0.75,0.21666666666666665,0.6166666666666667
2020-03-02,0.6833333333333332,0.7250000000000001,0.44999999999999996,0.7666666666666666,0.26666666666666666,0.6083333333333334
2020-03-03,0.75,0.7583333333333334,0.37499999999999994,0.6416666666666666,0.33333333333333337,0.6416666666666667
2020-03-04,0.7083333333333333,0.7416666666666667,0.5499999999999999,0.5833333333333334,0.2916666666666667,0.625
2020-03-05,0.6333333333333333,0.7666666666666667,0.5166666666666666,0.625,0.33333333333333337,0.625
2020-03-06,0.6083333333333333,0.7083333333333334,0.5166666666666666,0.6416666666666667,0.33333333333333337,0.6916666666666667
2020-03-09,0.4666666666666666,0.7416666666666667,0.5750000000000001,0.6416666666666667,0.33333333333333337,0.7416666666666666
2020-03-10,0.44166666666666665,0.7666666666666668,0.5416666666666666,0.675,0.33333333333333337,0.7416666666666667
2020-03-11,0.5416666666666666,0.9,0.6000000000000001,0.475,0.2916666666666667,0.6916666666666667
2020-03-12,0.65,0.9,0.5583333333333333,0.4666666666666667,0.2583333333333333,0.6666666666666667
2020-03-13,0.625,0.8416666666666667,0.5416666666666666,0.3666666666666667,0.21666666666666665,0.9083333333333333
2020-03-16,0.5833333333333334,0.8416666666666667,0.5666666666666667,0.3333333333333333,0.22499999999999998,0.95
2020-03-17,0.5499999999999999,0.8166666666666668,0.5416666666666667,0.3083333333333333,0.30833333333333335,0.975
2020-03-18,0.4333333333333333,0.7583333333333334,0.45833333333333326,0.4,0.4750000000000001,0.975
2020-03-19,0.4333333333333333,0.7583333333333334,0.4833333333333333,0.35000000000000003,0.5083333333333333,0.9666666666666667
2020-03-20,0.39999999999999997,0.625,0.5083333333333333,0.4666666666666667,0.5583333333333333,0.9416666666666668
2020-03-23,0.4749999999999999,0.6333333333333333,0.3416666666666667,0.44166666666666665,0.6666666666666666,0.9416666666666668
2020-03-24,0.475,0.6916666666666667,0.375,0.35000000000000003,0.6916666666666667,0.9166666666666667
2020-03-25,0.5,0.6666666666666666,0.3416666666666666,0.35833333333333334,0.6833333333333333,0.9500000000000001
2020-03-26,0.6083333333333333,0.6083333333333333,0.31666666666666665,0.35833333333333334,0.65,0.9583333333333334
2020-03-27,0.5833333333333333,0.675,0.27499999999999997,0.38333333333333336,0.625,0.9583333333333334
2020-03-30,0.5666666666666667,0.675,0.24999999999999997,0.44999999999999996,0.6416666666666666,0.9166666666666667
2020-03-31,0.6249999999999999,0.8166666666666668,0.20833333333333331,0.49166666666666664,0.7416666666666666,0.6166666666666667
2020-04-01,0.6,0.85,0.20833333333333331,0.5083333333333333,0.7083333333333334,0.625
2020-04-02,0.49999999999999994,0.8583333333333334,0.3416666666666666,0.475,0.7416666666666666,0.5833333333333334
2020-04-03,0.4666666666666666,0.85,0.39999999999999997,0.35833333333333334,0.8666666666666667,0.5583333333333333
2020-04-06,0.6333333333333333,0.8166666666666667,0.22499999999999998,0.55,0.7166666666666667,0.5583333333333333
2020-04-07,0.5083333333333333,0.7333333333333334,0.41666666666666663,0.6333333333333333,0.7,0.5083333333333334
2020-04-08,0.475,0.6916666666666667,0.42500000000000004,0.675,0.7,0.5333333333333334
2020-04-09,0.36666666666666664,0.6666666666666666,0.4916666666666666,0.7916666666666666,0.6333333333333334,0.5499999999999999
2020-04-10,0.325,0.875,0.65,0.6333333333333333,0.4833333333333333,0.5333333333333333
2020-04-13,0.26666666666666666,0.85,0.75,0.6916666666666667,0.4583333333333333,0.48333333333333334
2020-04-14,0.26666666666666666,0.7416666666666666,0.825,0.725,0.475,0.4666666666666667
2020-04-15,0.16666666666666666,0.675,0.7666666666666666,0.7583333333333333,0.5666666666666667,0.5666666666666667
2020-04-16,0.16666666666666666,0.7083333333333333,0.7666666666666666,0.6499999999999999,0.6083333333333334,0.6000000000000001
2020-04-17,0.16666666666666666,0.6333333333333333,0.7916666666666666,0.7333333333333333,0.625,0.55
2020-04-20,0.3333333333333333,0.575,0.7916666666666666,0.7583333333333333,0.6,0.4416666666666667
2020-04-21,0.39166666666666666,0.5083333333333334,0.8583333333333333,0.6499999999999999,0.5833333333333334,0.5083333333333333
2020-04-22,0.4583333333333333,0.55,0.6333333333333333,0.9166666666666666,0.5833333333333334,0.35833333333333334
2020-04-23,0.6833333333333333,0.45833333333333337,0.48333333333333334,0.925,0.5166666666666667,0.4333333333333333
2020-04-24,0.7083333333333333,0.45833333333333337,0.3416666666666667,0.8750000000000001,0.6833333333333333,0.4333333333333333
2020-04-27,0.5083333333333333,0.5416666666666666,0.2583333333333333,0.9416666666666667,0.5,0.75
2020-04-28,0.4666666666666666,0.6333333333333333,0.32499999999999996,0.9333333333333333,0.5583333333333333,0.5833333333333334
2020-04-29,0.3666666666666667,0.6666666666666666,0.21666666666666665,0.9,0.6416666666666667,0.7083333333333333
2020-04-30,0.49166666666666664,0.7,0.24166666666666664,0.9333333333333333,0.7,0.4333333333333333
2020-05-01,0.5916666666666667,0.8666666666666667,0.21666666666666665,0.925,0.5333333333333333,0.3666666666666667
2020-05-04,0.49166666666666664,0.85,0.24166666666666664,0.9333333333333333,0.6333333333333333,0.35
2020-05-05,0.30833333333333335,0.8833333333333333,0.32499999999999996,0.9083333333333333,0.625,0.44999999999999996
2020-05-06,0.30833333333333335,0.9333333333333333,0.375,0.9000000000000001,0.3416666666666666,0.6416666666666666
2020-05-07,0.39166666666666666,0.9333333333333333,0.27499999999999997,0.8833333333333334,0.41666666666666663,0.6
2020-05-08,0.4916666666666666,0.975,0.16666666666666666,0.8583333333333334,0.5249999999999999,0.48333333333333334
2020-05-11,0.41666666666666663,0.975,0.16666666666666666,0.8583333333333334,0.5666666666666667,0.5166666666666667
2020-05-12,0.41666666666666663,0.975,0.16666666666666666,0.8583333333333334,0.5833333333333333,0.5
2020-05-13,0.41666666666666663,0.975,0.16666666666666666,0.8416666666666667,0.6,0.5
2020-05-14,0.41666666666666663,1.0,0.16666666666666666,0.7166666666666668,0.6,0.6
2020-05-15,0.4416666666666666,0.8833333333333333,0.16666666666666666,0.8333333333333334,0.49166666666666664,0.6833333333333332
2020-05-18,0.3833333333333333,0.9500000000000001,0.2583333333333333,0.7083333333333333,0.39999999999999997,0.7999999999999999
2020-05-19,0.45833333333333326,0.9583333333333334,0.18333333333333332,0.7500000000000001,0.39999999999999997,0.7499999999999999
2020-05-20,0.5833333333333333,0.9583333333333334,0.16666666666666666,0.7583333333333334,0.475,0.5583333333333335
2020-05-21,0.6416666666666666,0.9916666666666667,0.2,0.6083333333333333,0.475,0.5833333333333333
2020-05-22,0.6416666666666666,0.9916666666666667,0.2916666666666667,0.625,0.35,0.6
2020-05-25,0.525,1.0,0.26666666666666666,0.6666666666666667,0.37499999999999994,0.6666666666666666
2020-05-26,0.525,0.9666666666666667,0.2916666666666667,0.725,0.3083333333333333,0.6833333333333333
2020-05-27,0.45,0.8166666666666667,0.40833333333333327,0.7083333333333334,0.2833333333333333,0.8333333333333333
2020-05-28,0.375,0.8166666666666667,0.5333333333333333,0.5916666666666667,0.2916666666666667,0.8916666666666666
2020-05-29,0.425,0.8166666666666667,0.5083333333333333,0.5333333333333333,0.3,0.9166666666666666
2020-06-01,0.44166666666666665,0.8,0.5083333333333333,0.5499999999999999,0.2833333333333333,0.9166666666666666
2020-06-02,0.3916666666666666,0.675,0.6833333333333332,0.6166666666666667,0.2333333333333333,0.9
2020-06-03,0.35,0.675,0.6666666666666666,0.6083333333333333,0.2583333333333333,0.9416666666666667
2020-06-04,0.3583333333333333,0.5249999999999999,0.6249999999999999,0.8416666666666667,0.24166666666666664,0.9083333333333333
2020-06-05,0.30833333333333335,0.5833333333333333,0.5,0.8583333333333333,0.31666666666666665,0.9333333333333333
2020-06-08,0.41666666666666663,0.5833333333333333,0.4083333333333333,0.85,0.3,0.9416666666666667
2020-06-09,0.48333333333333334,0.5249999999999999,0.3416666666666666,0.8333333333333334,0.31666666666666665,1.0
2020-06-10,0.525,0.4833333333333333,0.27499999999999997,0.9083333333333333,0.3833333333333333,0.925
2020-06-11,0.525,0.4666666666666666,0.27499999999999997,0.9083333333333333,0.39999999999999997,0.925
2020-06-12,0.4833333333333333,0.49166666666666664,0.24999999999999997,0.9583333333333334,0.44166666666666665,0.8750000000000001
2020-06-15,0.4333333333333333,0.5250000000000001,0.22499999999999998,1.0,0.6166666666666667,0.7
2020-06-16,0.4583333333333333,0.5333333333333334,0.21666666666666665,0.9833333333333334,0.6333333333333333,0.6749999999999999
2020-06-17,0.41666666666666663,0.5416666666666667,0.22499999999999998,0.9833333333333334,0.6583333333333332,0.6749999999999999
2020-06-18,0.39999999999999997,0.5583333333333335,0.22499999999999998,0.9583333333333334,0.6833333333333332,0.6749999999999999
2020-06-19,0.4083333333333333,0.6416666666666667,0.175,0.9416666666666668,0.6999999999999998,0.6333333333333333
2020-06-22,0.4333333333333333,0.5833333333333334,0.16666666666666666,0.875,0.6999999999999998,0.7416666666666667
2020-06-23,0.5166666666666667,0.5,0.22499999999999998,0.8166666666666667,0.6999999999999998,0.7416666666666667
2020-06-24,0.5416666666666667,0.44166666666666665,0.26666666666666666,0.7333333333333334,0.6583333333333333,0.8583333333333333
2020-06-25,0.5499999999999999,0.36666666666666664,0.30833333333333335,0.7166666666666667,0.6583333333333333,0.9
2020-06-26,0.5833333333333333,0.4333333333333333,0.35,0.6749999999999999,0.5166666666666667,0.9416666666666667
2020-06-29,0.625,0.475,0.2833333333333333,0.6583333333333333,0.5166666666666667,0.9416666666666667
2020-06-30,0.5833333333333333,0.44999999999999996,0.2833333333333333,0.5500000000000002,0.6333333333333333,1.0
2020-07-01,0.4833333333333333,0.5416666666666666,0.3666666666666667,0.6000000000000001,0.5083333333333334,1.0
2020-07-02,0.35,0.7083333333333333,0.30833333333333335,0.5250000000000001,0.6249999999999999,0.9833333333333334
2020-07-03,0.22499999999999998,0.6666666666666666,0.44999999999999996,0.5666666666666668,0.5916666666666666,1.0
2020-07-06,0.3,0.6,0.525,0.5416666666666666,0.5333333333333333,1.0
2020-07-07,0.2833333333333333,0.7333333333333333,0.5416666666666667,0.45,0.525,0.9666666666666667
2020-07-08,0.2833333333333333,0.7499999999999999,0.44166666666666665,0.47500000000000003,0.5833333333333333,0.9666666666666667
2020-07-09,0.35,0.6833333333333332,0.24999999999999997,0.5416666666666667,0.6916666666666667,0.9833333333333334
2020-07-10,0.3916666666666666,0.6833333333333332,0.24999999999999997,0.5583333333333335,0.7166666666666667,0.9
2020-07-13,0.36666666666666664,0.6583333333333332,0.3583333333333333,0.6083333333333334,0.675,0.8333333333333334
2020-07-14,0.36666666666666664,0.6,0.48333333333333334,0.5166666666666667,0.7000000000000001,0.8333333333333334
2020-07-15,0.4916666666666666,0.43333333333333335,0.6083333333333333,0.6666666666666666,0.525,0.775
2020-07-16,0.5083333333333334,0.5166666666666666,0.5916666666666667,0.6916666666666667,0.4,0.7916666666666666
2020-07-17,0.6249999999999999,0.3416666666666667,0.44166666666666665,0.7500000000000001,0.5083333333333333,0.8333333333333334
2020-07-20,0.6916666666666665,0.3416666666666667,0.44166666666666665,0.7500000000000001,0.35833333333333334,0.9166666666666666
2020-07-21,0.39999999999999997,0.35833333333333334,0.4666666666666667,0.8916666666666667,0.5249999999999999,0.8583333333333334
2020-07-22,0.4083333333333333,0.375,0.35833333333333334,0.8916666666666667,0.5249999999999999,0.9416666666666668
2020-07-23,0.4833333333333333,0.3416666666666667,0.31666666666666665,0.8833333333333334,0.5249999999999999,0.9500000000000001
2020-07-24,0.5833333333333333,0.35833333333333334,0.3583333333333333,0.8750000000000001,0.36666666666666664,0.9583333333333334
2020-07-27,0.36666666666666664,0.425,0.5666666666666667,0.8916666666666667,0.35,0.9
2020-07-28,0.5833333333333333,0.4666666666666666,0.39999999999999997,0.8916666666666667,0.3,0.8583333333333334
2020-07-29,0.6833333333333332,0.5750000000000001,0.24999999999999997,0.8750000000000001,0.35833333333333334,0.7583333333333333
2020-07-30,0.6833333333333332,0.5499999999999999,0.21666666666666665,0.9,0.4166666666666667,0.7333333333333333
2020-07-31,0.6666666666666666,0.6,0.22499999999999998,0.8916666666666667,0.3583333333333333,0.7583333333333333
2020-08-03,0.5833333333333333,0.7083333333333333,0.20833333333333331,0.8833333333333334,0.37499999999999994,0.7416666666666667
2020-08-04,0.44166666666666665,0.6166666666666667,0.20833333333333331,0.8750000000000001,0.5666666666666667,0.7916666666666666
2020-08-05,0.7,0.5333333333333333,0.16666666666666666,0.8583333333333334,0.425,0.8166666666666668
2020-08-06,0.7416666666666666,0.6083333333333334,0.16666666666666666,0.775,0.425,0.7833333333333334
2020-08-07,0.7999999999999999,0.6000000000000001,0.16666666666666666,0.6749999999999999,0.4583333333333333,0.8
2020-08-10,0.6666666666666666,0.7083333333333334,0.16666666666666666,0.6749999999999999,0.4666666666666667,0.8166666666666668
2020-08-11,0.5416666666666666,0.8333333333333333,0.21666666666666665,0.45833333333333337,0.6083333333333334,0.8416666666666667
2020-08-12,0.5083333333333333,0.8166666666666667,0.20833333333333331,0.5833333333333334,0.5083333333333334,0.875
2020-08-13,0.5333333333333333,0.8333333333333333,0.20833333333333331,0.5166666666666667,0.55,0.8583333333333334
2020-08-14,0.7083333333333333,0.7583333333333334,0.21666666666666665,0.4833333333333334,0.45833333333333326,0.875
2020-08-17,0.6499999999999999,0.8166666666666667,0.21666666666666665,0.45833333333333337,0.4833333333333333,0.875
2020-08-18,0.6499999999999999,0.8333333333333333,0.26666666666666666,0.4666666666666667,0.4666666666666666,0.8166666666666668
2020-08-19,0.49999999999999994,0.7999999999999999,0.26666666666666666,0.45,0.725,0.7583333333333334
2020-08-20,0.49999999999999994,0.8833333333333333,0.2833333333333333,0.45,0.6916666666666667,0.6916666666666667
2020-08-21,0.44166666666666665,0.6749999999999999,0.3833333333333333,0.42499999999999993,0.9416666666666667,0.6333333333333334
2020-08-24,0.4166666666666667,0.5916666666666667,0.44999999999999996,0.39166666666666666,0.9416666666666667,0.7083333333333333
2020-08-25,0.3833333333333333,0.5916666666666667,0.38333333333333336,0.4749999999999999,0.9,0.7666666666666666
2020-08-26,0.3583333333333333,0.5499999999999999,0.3666666666666667,0.5166666666666667,0.8833333333333334,0.8250000000000001
2020-08-27,0.325,0.3916666666666667,0.325,0.625,0.8833333333333334,0.9500000000000001
2020-08-28,0.3,0.3666666666666667,0.39166666666666666,0.6083333333333334,0.9416666666666667,0.8916666666666667
2020-08-31,0.26666666666666666,0.375,0.41666666666666663,0.6083333333333334,0.9416666666666667,0.8916666666666667
2020-09-01,0.26666666666666666,0.375,0.41666666666666663,0.6083333333333334,0.8333333333333334,1.0
2020-09-02,0.27499999999999997,0.3416666666666667,0.4833333333333333,0.6,0.8,1.0
2020-09-03,0.2833333333333333,0.35833333333333334,0.475,0.7,0.7166666666666668,0.9666666666666667
2020-09-04,0.20833333333333331,0.35,0.6,0.625,0.7500000000000001,0.9666666666666667
2020-09-07,0.22499999999999998,0.3333333333333333,0.625,0.5583333333333333,0.7916666666666667,0.9666666666666667
2020-09-08,0.21666666666666665,0.3416666666666667,0.6666666666666666,0.5583333333333333,0.775,0.9416666666666668
2020-09-09,0.2583333333333333,0.2833333333333333,0.8333333333333333,0.4583333333333333,0.75,0.9166666666666667
2020-09-10,0.2833333333333333,0.44166666666666665,0.8333333333333333,0.27499999999999997,0.75,0.9166666666666667
2020-09-11,0.325,0.4083333333333333,0.8333333333333333,0.30833333333333335,0.7916666666666666,0.8333333333333334
2020-09-14,0.5416666666666667,0.4333333333333333,0.8083333333333332,0.22499999999999998,0.8416666666666667,0.65
2020-09-15,0.5166666666666667,0.475,0.8083333333333332,0.22499999999999998,0.8416666666666667,0.6333333333333334
2020-09-16,0.5750000000000001,0.39999999999999997,0.7833333333333332,0.24166666666666664,0.8416666666666667,0.6583333333333333
2020-09-17,0.5333333333333333,0.475,0.8333333333333333,0.21666666666666665,0.7083333333333334,0.7333333333333333
2020-09-18,0.475,0.5083333333333333,0.7249999999999999,0.29166666666666663,0.7083333333333334,0.7916666666666666
2020-09-21,0.5499999999999999,0.6166666666666666,0.6,0.22499999999999998,0.7166666666666668,0.7916666666666666
2020-09-22,0.5166666666666666,0.6583333333333333,0.7333333333333333,0.21666666666666665,0.6166666666666667,0.7583333333333333
2020-09-23,0.5666666666666667,0.6833333333333332,0.675,0.20833333333333331,0.625,0.7416666666666667
2020-09-24,0.5583333333333333,0.6333333333333333,0.6749999999999999,0.3416666666666667,0.5916666666666667,0.7
2020-09-25,0.475,0.5166666666666667,0.7749999999999999,0.45000000000000007,0.5833333333333334,0.7
2020-09-28,0.41666666666666663,0.5583333333333333,0.8166666666666667,0.45000000000000007,0.5416666666666667,0.7166666666666667
2020-09-29,0.3333333333333333,0.6,0.6916666666666667,0.5750000000000001,0.5416666666666667,0.7583333333333333
2020-09-30,0.2916666666666667,0.5833333333333334,0.6416666666666667,0.7166666666666667,0.45000000000000007,0.8166666666666668
2020-10-01,0.2916666666666667,0.6583333333333333,0.5916666666666667,0.7499999999999999,0.42500000000000004,0.7833333333333334
2020-10-02,0.2916666666666667,0.6499999999999999,0.6166666666666667,0.8666666666666666,0.36666666666666664,0.7083333333333334
2020-10-05,0.24999999999999997,0.49999999999999994,0.8416666666666667,0.6583333333333333,0.5166666666666667,0.7333333333333334
2020-10-06,0.22499999999999998,0.4833333333333333,0.8833333333333334,0.7916666666666666,0.3333333333333333,0.7833333333333333
2020-10-07,0.20833333333333331,0.5333333333333333,0.8833333333333334,0.7749999999999999,0.35,0.75
2020-10-08,0.24999999999999997,0.49999999999999994,0.8833333333333334,0.8083333333333332,0.35,0.7083333333333334
2020-10-09,0.24999999999999997,0.525,0.7666666666666667,0.8666666666666667,0.4666666666666666,0.625
2020-10-12,0.20833333333333331,0.7249999999999999,0.7666666666666667,0.6083333333333333,0.55,0.6416666666666667
2020-10-13,0.2583333333333333,0.5833333333333333,0.9,0.675,0.44166666666666665,0.6416666666666667
2020-10-14,0.20833333333333331,0.5583333333333333,0.9416666666666667,0.6083333333333334,0.49166666666666664,0.6916666666666667
2020-10-15,0.21666666666666665,0.7083333333333333,0.9416666666666667,0.5416666666666667,0.44999999999999996,0.6416666666666667
2020-10-16,0.23333333333333334,0.7083333333333333,0.9416666666666667,0.45,0.5083333333333333,0.6583333333333333
2020-10-19,0.3,0.525,0.9416666666666667,0.6583333333333333,0.44999999999999996,0.625
2020-10-20,0.30000000000000004,0.6,0.8833333333333334,0.7166666666666667,0.3833333333333333,0.6166666666666667
2020-10-21,0.30833333333333335,0.6,0.8333333333333334,0.7666666666666666,0.3916666666666666,0.6
2020-10-22,0.3666666666666667,0.525,0.65,0.825,0.5666666666666667,0.5666666666666667
2020-10-23,0.30833333333333335,0.75,0.5166666666666666,0.7666666666666666,0.6916666666666667,0.4666666666666667
2020-10-26,0.30833333333333335,0.6333333333333333,0.6166666666666667,0.8833333333333333,0.475,0.5833333333333333
2020-10-27,0.2583333333333333,0.6333333333333333,0.48333333333333334,0.8833333333333333,0.7,0.5416666666666666
2020-10-28,0.24999999999999997,0.6583333333333333,0.4666666666666666,1.0,0.6166666666666667,0.5083333333333334
2020-10-29,0.2583333333333333,0.575,0.6833333333333333,0.8833333333333333,0.7583333333333333,0.3416666666666667
2020-10-30,0.3,0.5333333333333333,0.5666666666666668,1.0,0.6666666666666666,0.4333333333333333
2020-11-02,0.325,0.5333333333333333,0.5166666666666666,1.0,0.7833333333333333,0.3416666666666667
2020-11-03,0.36666666666666664,0.5166666666666667,0.45833333333333326,1.0,0.7833333333333333,0.375
2020-11-04,0.3416666666666667,0.4583333333333333,0.6833333333333333,0.8833333333333333,0.7833333333333333,0.35
2020-11-05,0.35,0.5583333333333333,0.3083333333333333,0.9416666666666668,0.8416666666666666,0.49999999999999994
2020-11-06,0.39166666666666666,0.575,0.45000000000000007,0.8833333333333333,0.7833333333333332,0.41666666666666663
2020-11-09,0.525,0.6583333333333333,0.35000000000000003,0.8,0.7833333333333333,0.3833333333333333
2020-11-10,0.425,0.725,0.2333333333333333,0.8416666666666667,0.8333333333333333,0.44166666666666665
2020-11-11,0.3333333333333333,0.8166666666666667,0.24999999999999997,0.875,0.7666666666666666,0.4583333333333333
2020-11-12,0.24999999999999997,0.85,0.3083333333333333,0.8583333333333333,0.7916666666666666,0.44166666666666665
2020-11-13,0.2333333333333333,0.8416666666666667,0.32499999999999996,0.8166666666666667,0.7999999999999999,0.4833333333333333
2020-11-16,0.24999999999999997,0.85,0.24999999999999997,0.7916666666666666,0.8166666666666667,0.5416666666666666
2020-11-17,0.22499999999999998,0.725,0.39166666666666666,0.85,0.5916666666666667,0.7166666666666667
2020-11-18,0.20833333333333331,0.7833333333333333,0.29166666666666663,0.8333333333333334,0.6416666666666666,0.7416666666666667
2020-11-19,0.20833333333333331,0.675,0.6333333333333333,0.7,0.6749999999999999,0.6083333333333334
2020-11-20,0.20833333333333331,0.7166666666666666,0.55,0.775,0.5750000000000001,0.6749999999999999
2020-11-23,0.22499999999999998,0.775,0.5499999999999999,0.6333333333333334,0.6166666666666666,0.6999999999999998
2020-11-24,0.20833333333333331,0.8583333333333334,0.5499999999999999,0.5916666666666667,0.7083333333333333,0.5833333333333333
2020-11-25,0.20833333333333331,0.7333333333333334,0.5499999999999999,0.6749999999999999,0.7333333333333333,0.6
2020-11-26,0.20833333333333331,0.775,0.6,0.7083333333333333,0.7083333333333333,0.49999999999999994
2020-11-27,0.22499999999999998,0.7166666666666668,0.6749999999999999,0.7916666666666666,0.6083333333333333,0.4833333333333333
2020-11-30,0.21666666666666665,0.6666666666666666,0.6166666666666667,0.7916666666666666,0.775,0.43333333333333335
2020-12-01,0.26666666666666666,0.5666666666666667,0.6583333333333333,0.9166666666666666,0.7583333333333333,0.3333333333333333
2020-12-02,0.20833333333333331,0.5666666666666667,0.6916666666666668,0.9166666666666666,0.7,0.41666666666666663
2020-12-03,0.21666666666666665,0.5083333333333333,0.7166666666666667,0.9166666666666666,0.6166666666666667,0.525
2020-12-04,0.22499999999999998,0.5,0.6000000000000001,0.8333333333333334,0.7749999999999999,0.5666666666666667
2020-12-07,0.26666666666666666,0.5,0.5583333333333335,0.8,0.7333333333333333,0.6416666666666666
2020-12-08,0.2583333333333333,0.5,0.5833333333333334,0.8666666666666667,0.7416666666666666,0.5499999999999999
2020-12-09,0.22499999999999998,0.45,0.6749999999999999,0.9083333333333333,0.6749999999999999,0.5666666666666667
2020-12-10,0.21666666666666665,0.45833333333333337,0.7083333333333333,0.9583333333333334,0.6749999999999999,0.4833333333333333
2020-12-11,0.20833333333333331,0.4916666666666667,0.7833333333333332,0.9416666666666668,0.6166666666666667,0.45833333333333326
2020-12-14,0.20833333333333331,0.425,0.8416666666666666,0.925,0.675,0.425
2020-12-15,0.20833333333333331,0.5333333333333334,0.8333333333333333,0.9166666666666667,0.5916666666666666,0.41666666666666663
2020-12-16,0.20833333333333331,0.5166666666666667,0.6000000000000001,0.9166666666666666,0.6916666666666667,0.5666666666666667
2020-12-17,0.20833333333333331,0.4666666666666667,0.5833333333333334,0.9083333333333333,0.6749999999999999,0.6583333333333333
2020-12-18,0.20833333333333331,0.4083333333333333,0.5833333333333334,0.9,0.7083333333333333,0.6916666666666667
2020-12-21,0.20833333333333331,0.4083333333333333,0.5833333333333334,0.9,0.7083333333333333,0.6916666666666667
2020-12-22,0.20833333333333331,0.65,0.5166666666666667,0.9,0.55,0.675
2020-12-23,0.3666666666666667,0.6333333333333333,0.31666666666666665,0.875,0.5083333333333333,0.7999999999999999
2020-12-24,0.39166666666666666,0.6749999999999999,0.29166666666666663,0.8083333333333333,0.5083333333333333,0.825
2020-12-25,0.3666666666666667,0.6416666666666666,0.3333333333333333,0.825,0.5250000000000001,0.8083333333333333
2020-12-28,0.325,0.7,0.3583333333333333,0.8333333333333334,0.5,0.7833333333333333
2020-12-29,0.2833333333333333,0.7916666666666666,0.3833333333333333,0.8583333333333333,0.39166666666666666,0.7916666666666666
2020-12-30,0.2833333333333333,0.7666666666666666,0.3583333333333333,0.9,0.4166666666666667,0.775
2020-12-31,0.26666666666666666,0.7583333333333333,0.39999999999999997,0.9416666666666668,0.3333333333333333,0.7999999999999999
2021-01-01,0.24999999999999997,0.725,0.39999999999999997,0.9500000000000001,0.4083333333333333,0.7666666666666667
2021-01-04,0.22499999999999998,0.75,0.48333333333333334,0.925,0.3333333333333333,0.7833333333333333
2021-01-05,0.24999999999999997,0.7,0.5166666666666666,0.9416666666666668,0.3083333333333333,0.7833333333333333
2021-01-06,0.22499999999999998,0.6583333333333333,0.5083333333333333,0.9583333333333334,0.3333333333333333,0.8166666666666667
2021-01-07,0.20833333333333331,0.5166666666666667,0.5833333333333333,0.9833333333333334,0.5083333333333334,0.7
2021-01-08,0.2916666666666667,0.49166666666666664,0.7166666666666667,0.925,0.5666666666666668,0.5083333333333333
2021-01-11,0.30000000000000004,0.7416666666666666,0.7000000000000001,0.875,0.4916666666666666,0.39166666666666666
2021-01-12,0.24999999999999997,0.625,0.7166666666666667,0.8,0.7083333333333335,0.39999999999999997
2021-01-13,0.24999999999999997,0.5750000000000001,0.7000000000000001,0.8,0.7749999999999999,0.39999999999999997
2021-01-14,0.24999999999999997,0.6833333333333333,0.7083333333333334,0.8250000000000001,0.6333333333333333,0.39999999999999997
2021-01-15,0.24999999999999997,0.7833333333333333,0.75,0.6666666666666666,0.6083333333333334,0.44166666666666665
2021-01-18,0.24999999999999997,0.825,0.6583333333333333,0.6916666666666667,0.5833333333333333,0.49166666666666664
2021-01-19,0.26666666666666666,0.9416666666666667,0.6166666666666667,0.5333333333333333,0.6583333333333333,0.4833333333333333
2021-01-20,0.24999999999999997,0.8416666666666667,0.575,0.5499999999999999,0.6333333333333333,0.65
2021-01-21,0.2583333333333333,0.775,0.7666666666666666,0.5166666666666666,0.6749999999999999,0.5083333333333333
2021-01-22,0.20833333333333331,0.7916666666666666,0.8166666666666667,0.5499999999999999,0.45833333333333326,0.6749999999999999
2021-01-25,0.20833333333333331,0.6083333333333333,0.8666666666666667,0.4916666666666667,0.41666666666666663,0.9083333333333333
2021-01-26,0.22499999999999998,0.6666666666666666,0.825,0.45,0.44166666666666665,0.8916666666666667
2021-01-27,0.20833333333333331,0.7749999999999999,0.7916666666666667,0.29166666666666663,0.575,0.8583333333333334
2021-01-28,0.20833333333333331,0.525,0.9,0.4083333333333333,0.525,0.9333333333333333
2021-01-29,0.21666666666666665,0.7,0.7833333333333333,0.3416666666666667,0.4833333333333333,0.975
2021-02-01,0.20833333333333331,0.7999999999999999,0.7,0.4083333333333333,0.4833333333333333,0.9
2021-02-02,0.24999999999999997,0.9583333333333334,0.4833333333333333,0.4083333333333333,0.525,0.8750000000000001
2021-02-03,0.24999999999999997,0.775,0.6000000000000001,0.35,0.525,1.0
2021-02-04,0.2583333333333333,0.6,0.6000000000000001,0.4,0.6416666666666666,1.0
2021-02-05,0.30833333333333335,0.6749999999999999,0.7333333333333334,0.525,0.3583333333333333,0.9
2021-02-08,0.30000000000000004,0.7,0.6833333333333333,0.5166666666666666,0.36666666666666664,0.9333333333333333
2021-02-09,0.2916666666666667,0.7,0.7083333333333333,0.4083333333333333,0.39999999999999997,0.9916666666666667
2021-02-10,0.2916666666666667,0.7916666666666666,0.6833333333333332,0.35,0.39999999999999997,0.9833333333333334
2021-02-11,0.30833333333333335,0.7166666666666667,0.625,0.39166666666666666,0.4583333333333333,1.0
2021-02-12,0.30000000000000004,0.775,0.625,0.2833333333333333,0.5166666666666667,1.0
2021-02-15,0.3666666666666667,0.7333333333333333,0.5416666666666667,0.37499999999999994,0.48333333333333334,1.0
2021-02-16,0.34166666666666673,0.7333333333333333,0.6000000000000001,0.3416666666666667,0.48333333333333334,1.0
2021-02-17,0.33333333333333337,0.7333333333333333,0.6416666666666666,0.35,0.44166666666666665,1.0
2021-02-18,0.3666666666666667,0.7333333333333333,0.6,0.37499999999999994,0.425,1.0
2021-02-19,0.38333333333333336,0.7333333333333333,0.625,0.3333333333333333,0.425,1.0
2021-02-22,0.35000000000000003,0.7499999999999999,0.6416666666666666,0.3333333333333333,0.44166666666666665,0.9833333333333334
2021-02-23,0.425,0.65,0.7083333333333334,0.3333333333333333,0.425,0.9583333333333334
2021-02-24,0.4083333333333333,0.55,0.8083333333333333,0.29166666666666663,0.6249999999999999,0.8166666666666668
2021-02-25,0.425,0.4833333333333333,0.7333333333333334,0.37499999999999994,0.7083333333333333,0.775
2021-02-26,0.44166666666666665,0.4833333333333333,0.7583333333333334,0.3583333333333333,0.6249999999999999,0.8333333333333334
2021-03-01,0.4833333333333334,0.6749999999999999,0.5666666666666667,0.375,0.5833333333333334,0.8166666666666668
2021-03-02,0.375,0.7333333333333334,0.6,0.41666666666666663,0.5833333333333334,0.7916666666666666
2021-03-03,0.33333333333333337,0.7166666666666668,0.49999999999999994,0.65,0.525,0.775
2021-03-04,0.4083333333333334,0.6749999999999999,0.4583333333333333,0.6000000000000001,0.6,0.7583333333333333
2021-03-05,0.44166666666666665,0.7583333333333333,0.5666666666666667,0.6333333333333334,0.4166666666666667,0.6833333333333333
2021-03-08,0.45833333333333337,0.775,0.49999999999999994,0.6666666666666666,0.35833333333333334,0.7416666666666667
2021-03-09,0.35000000000000003,0.8583333333333333,0.5833333333333333,0.575,0.44166666666666665,0.6916666666666667
2021-03-10,0.38333333333333336,0.8166666666666667,0.5666666666666667,0.65,0.3833333333333333,0.7
2021-03-11,0.35,0.9,0.6916666666666667,0.6416666666666666,0.3833333333333333,0.5333333333333334
2021-03-12,0.24999999999999997,0.7916666666666667,0.8416666666666667,0.5583333333333333,0.4833333333333333,0.575
2021-03-15,0.20833333333333331,0.675,0.8916666666666667,0.5583333333333333,0.5916666666666667,0.575
2021-03-16,0.21666666666666665,0.85,0.8250000000000001,0.6583333333333333,0.44166666666666665,0.5083333333333333
2021-03-17,0.20833333333333331,0.9083333333333333,0.7166666666666667,0.6916666666666668,0.4583333333333333,0.5166666666666667
2021-03-18,0.20833333333333331,0.8166666666666668,0.7166666666666667,0.7499999999999999,0.4333333333333333,0.575
2021-03-19,0.20833333333333331,0.6333333333333333,0.8416666666666667,0.725,0.5166666666666666,0.575
2021-03-22,0.22499999999999998,0.6166666666666667,0.9333333333333333,0.7749999999999999,0.5583333333333333,0.39166666666666666
2021-03-23,0.20833333333333331,0.6416666666666667,0.9583333333333334,0.7583333333333334,0.525,0.4083333333333333
2021-03-24,0.24999999999999997,0.65,1.0,0.6333333333333333,0.5583333333333333,0.4083333333333333
2021-03-25,0.2833333333333333,0.5416666666666667,0.9916666666666667,0.6666666666666666,0.5583333333333333,0.4583333333333333
2021-03-26,0.3,0.5333333333333333,0.9833333333333334,0.6749999999999999,0.49999999999999994,0.5083333333333334
2021-03-29,0.36666666666666664,0.625,0.9916666666666667,0.6666666666666666,0.48333333333333334,0.36666666666666664
2021-03-30,0.30833333333333335,0.625,0.9833333333333334,0.6583333333333333,0.41666666666666663,0.5083333333333333
2021-03-31,0.30833333333333335,0.6833333333333332,0.9833333333333334,0.6749999999999999,0.37499999999999994,0.475
2021-04-01,0.26666666666666666,0.725,0.8833333333333334,0.7333333333333333,0.3333333333333333,0.5583333333333333
2021-04-02,0.30833333333333335,0.7583333333333333,0.9166666666666667,0.7083333333333333,0.44166666666666665,0.36666666666666664
2021-04-05,0.3333333333333333,0.7833333333333333,0.85,0.75,0.44166666666666665,0.3416666666666667
2021-04-06,0.3833333333333333,0.825,0.8333333333333333,0.7833333333333333,0.325,0.35000000000000003
2021-04-07,0.37499999999999994,1.0,0.6833333333333332,0.7166666666666667,0.3833333333333333,0.3416666666666667
2021-04-08,0.3583333333333333,0.8166666666666668,0.75,0.7,0.5333333333333333,0.3416666666666667
2021-04-09,0.35,0.9833333333333334,0.6083333333333333,0.6,0.6166666666666666,0.3416666666666667
2021-04-12,0.44999999999999996,0.9833333333333334,0.6333333333333333,0.5333333333333333,0.5583333333333333,0.3416666666666667
2021-04-13,0.5333333333333334,0.9166666666666666,0.5666666666666668,0.7333333333333333,0.3916666666666666,0.35833333333333334
2021-04-14,0.5583333333333333,0.8083333333333332,0.5,0.8166666666666667,0.41666666666666663,0.39999999999999997
2021-04-15,0.5333333333333333,0.5416666666666667,0.6666666666666667,0.8166666666666667,0.325,0.6166666666666667
2021-04-16,0.525,0.41666666666666663,0.5833333333333334,0.8083333333333333,0.41666666666666663,0.75
2021-04-19,0.375,0.35,0.6,0.8916666666666667,0.48333333333333334,0.7999999999999999
2021-04-20,0.2833333333333333,0.41666666666666663,0.5500000000000002,0.9416666666666668,0.6083333333333333,0.7
2021-04-21,0.3583333333333333,0.4666666666666667,0.36666666666666664,0.9583333333333334,0.6166666666666667,0.7333333333333333
2021-04-22,0.39999999999999997,0.6583333333333333,0.3583333333333333,0.9583333333333334,0.4333333333333333,0.6916666666666667
2021-04-23,0.4666666666666666,0.6583333333333333,0.3833333333333333,0.9583333333333334,0.36666666666666664,0.6666666666666667
2021-04-26,0.325,0.6916666666666667,0.45,1.0,0.4666666666666667,0.5666666666666668
2021-04-27,0.35833333333333334,0.6916666666666667,0.49999999999999994,1.0,0.49166666666666664,0.45833333333333337
2021-04-28,0.375,0.7083333333333333,0.4833333333333333,1.0,0.5166666666666667,0.41666666666666663
2021-04-29,0.35000000000000003,0.5666666666666667,0.4916666666666667,1.0,0.6,0.4916666666666666
2021-04-30,0.34166666666666673,0.4083333333333333,0.5583333333333335,1.0,0.6,0.5916666666666667
2021-05-03,0.30000000000000004,0.5416666666666666,0.45833333333333337,0.9416666666666668,0.775,0.48333333333333334
2021-05-04,0.35000000000000003,0.4583333333333333,0.6,0.9166666666666666,0.7583333333333334,0.41666666666666663
2021-05-05,0.3333333333333333,0.3083333333333333,0.6000000000000001,0.9583333333333334,0.7000000000000001,0.6
2021-05-06,0.375,0.3083333333333333,0.6416666666666666,0.9166666666666666,0.8166666666666667,0.44166666666666665
2021-05-07,0.39999999999999997,0.22499999999999998,0.7416666666666667,0.8,0.8333333333333333,0.5
2021-05-10,0.48333333333333334,0.3,0.7083333333333334,0.8583333333333334,0.8333333333333333,0.31666666666666665
2021-05-11,0.35000000000000003,0.5833333333333333,0.5916666666666667,0.7,0.8583333333333333,0.41666666666666663
2021-05-12,0.34166666666666673,0.5583333333333333,0.525,0.6916666666666667,0.8583333333333333,0.525
2021-05-13,0.3666666666666667,0.575,0.5083333333333333,0.6833333333333333,0.7833333333333333,0.5833333333333333
2021-05-14,0.3416666666666667,0.44999999999999996,0.5583333333333333,0.6583333333333333,0.8,0.6916666666666667
2021-05-17,0.41666666666666663,0.33333333333333337,0.6416666666666666,0.6166666666666667,0.775,0.7166666666666666
2021-05-18,0.5583333333333333,0.27499999999999997,0.5916666666666668,0.5916666666666667,0.6666666666666666,0.8166666666666667
2021-05-19,0.5333333333333334,0.3,0.49166666666666664,0.5833333333333334,0.775,0.8166666666666667
2021-05-20,0.5916666666666667,0.22499999999999998,0.49166666666666664,0.6,0.85,0.7416666666666667
2021-05-21,0.5666666666666667,0.3833333333333333,0.4666666666666666,0.5583333333333333,0.8916666666666667,0.6333333333333333
2021-05-24,0.5416666666666666,0.2833333333333333,0.35833333333333334,0.6166666666666667,0.9,0.7999999999999999
2021-05-25,0.4666666666666666,0.30833333333333335,0.44999999999999996,0.6166666666666667,0.8833333333333334,0.775
2021-05-26,0.5083333333333333,0.44999999999999996,0.3833333333333333,0.575,0.8666666666666667,0.7166666666666667
2021-05-27,0.6416666666666666,0.3333333333333333,0.26666666666666666,0.575,0.9,0.7833333333333332
2021-05-28,0.7083333333333333,0.24999999999999997,0.35,0.575,0.7916666666666666,0.825
2021-05-31,0.7333333333333333,0.2583333333333333,0.4916666666666666,0.5416666666666666,0.8,0.675
2021-06-01,0.7833333333333333,0.24999999999999997,0.6916666666666668,0.5083333333333334,0.5833333333333334,0.6833333333333333
2021-06-02,0.825,0.2583333333333333,0.65,0.5416666666666666,0.6666666666666666,0.5583333333333333
2021-06-03,0.7833333333333333,0.2916666666666667,0.7166666666666667,0.5833333333333333,0.6416666666666667,0.4833333333333333
2021-06-04,0.9416666666666667,0.3166666666666667,0.6666666666666666,0.5333333333333333,0.575,0.4666666666666667
2021-06-07,0.8833333333333333,0.30000000000000004,0.6166666666666667,0.5583333333333333,0.7083333333333333,0.4333333333333333
2021-06-08,0.9416666666666667,0.3833333333333333,0.5416666666666667,0.4916666666666667,0.5833333333333334,0.5583333333333333
2021-06-09,0.9416666666666667,0.4833333333333333,0.5666666666666667,0.5333333333333333,0.5833333333333334,0.39166666666666666
2021-06-10,1.0,0.43333333333333335,0.5916666666666666,0.45833333333333337,0.525,0.49166666666666664
2021-06-11,1.0,0.43333333333333335,0.5666666666666667,0.45000000000000007,0.475,0.575
2021-06-14,0.9166666666666666,0.5666666666666667,0.5416666666666667,0.45833333333333337,0.6333333333333333,0.3833333333333333
2021-06-15,0.8833333333333333,0.44999999999999996,0.725,0.47500000000000003,0.6166666666666666,0.35
2021-06-16,0.8833333333333333,0.44999999999999996,0.725,0.4416666666666667,0.5833333333333334,0.41666666666666663
2021-06-17,0.9,0.5583333333333333,0.5,0.41666666666666663,0.475,0.65
2021-06-18,0.825,0.575,0.47500000000000003,0.5333333333333334,0.4416666666666666,0.65
2021-06-21,0.8250000000000001,0.6416666666666666,0.35,0.6666666666666667,0.36666666666666664,0.65
2021-06-22,0.775,0.4333333333333333,0.36666666666666664,0.75,0.3583333333333333,0.8166666666666667
2021-06-23,0.775,0.4333333333333333,0.36666666666666664,0.7333333333333334,0.3333333333333333,0.8583333333333333
2021-06-24,0.7583333333333334,0.4749999999999999,0.3416666666666667,0.6666666666666666,0.3583333333333333,0.9
2021-06-25,0.775,0.41666666666666663,0.3,0.5666666666666668,0.525,0.9166666666666666
2021-06-28,0.775,0.42499999999999993,0.3416666666666667,0.5166666666666667,0.525,0.9166666666666666
2021-06-29,0.75,0.5083333333333333,0.27499999999999997,0.525,0.5249999999999999,0.9166666666666666
2021-06-30,0.7166666666666667,0.5416666666666666,0.2333333333333333,0.525,0.5666666666666667,0.9166666666666666
2021-07-01,0.7166666666666667,0.5166666666666666,0.19166666666666665,0.5083333333333334,0.7083333333333333,0.8583333333333334
2021-07-02,0.5333333333333333,0.5,0.2333333333333333,0.525,0.8916666666666666,0.8166666666666668
2021-07-05,0.5833333333333335,0.3416666666666667,0.26666666666666666,0.6666666666666666,0.9500000000000001,0.6916666666666665
2021-07-06,0.6333333333333333,0.475,0.16666666666666666,0.6916666666666668,0.8333333333333334,0.7000000000000001
2021-07-07,0.6666666666666666,0.6083333333333333,0.16666666666666666,0.5166666666666667,0.8416666666666667,0.7
2021-07-08,0.49999999999999994,0.6583333333333333,0.16666666666666666,0.5750000000000001,0.9,0.7
2021-07-09,0.5083333333333333,0.7666666666666666,0.18333333333333332,0.5083333333333333,0.8333333333333334,0.7
2021-07-12,0.4833333333333333,0.7000000000000001,0.2,0.4749999999999999,0.9583333333333334,0.6833333333333332
2021-07-13,0.4833333333333333,0.7416666666666667,0.29166666666666663,0.30833333333333335,0.8166666666666667,0.8583333333333333
2021-07-14,0.44166666666666665,0.6833333333333333,0.3916666666666666,0.2833333333333333,0.7,1.0
2021-07-15,0.39166666666666666,0.575,0.42500000000000004,0.41666666666666663,0.75,0.9416666666666667
2021-07-16,0.5250000000000001,0.575,0.4333333333333333,0.3666666666666667,0.6,1.0
2021-07-19,0.8083333333333333,0.6083333333333333,0.4083333333333333,0.3,0.475,0.9
2021-07-20,0.875,0.5333333333333333,0.5916666666666668,0.22499999999999998,0.4166666666666667,0.8583333333333334
2021-07-21,0.9166666666666666,0.3333333333333333,0.6166666666666667,0.24999999999999997,0.525,0.8583333333333334
2021-07-22,0.9083333333333333,0.24999999999999997,0.7416666666666667,0.3333333333333333,0.475,0.7916666666666666
2021-07-23,0.9583333333333334,0.24999999999999997,0.7333333333333334,0.3333333333333333,0.5583333333333333,0.6666666666666667
2021-07-26,0.9583333333333334,0.39166666666666666,0.7333333333333334,0.3416666666666667,0.6249999999999999,0.45000000000000007
2021-07-27,0.9583333333333334,0.35,0.7583333333333334,0.2583333333333333,0.725,0.45
2021-07-28,0.9583333333333334,0.49166666666666664,0.7583333333333334,0.22499999999999998,0.5166666666666666,0.55
2021-07-29,0.9583333333333334,0.525,0.7583333333333334,0.26666666666666666,0.4333333333333333,0.5583333333333335
2021-07-30,0.9416666666666668,0.39166666666666666,0.775,0.41666666666666663,0.39166666666666666,0.5833333333333334
2021-08-02,0.8333333333333333,0.26666666666666666,0.7999999999999999,0.55,0.5833333333333334,0.4666666666666667
2021-08-03,0.7666666666666667,0.26666666666666666,0.825,0.575,0.575,0.4916666666666667
2021-08-04,0.8166666666666667,0.6166666666666667,0.7,0.5166666666666667,0.425,0.42500000000000004
2021-08-05,0.6916666666666667,0.675,0.7666666666666666,0.39166666666666666,0.5333333333333333,0.4416666666666667
2021-08-06,0.6916666666666668,0.5916666666666667,0.825,0.39166666666666666,0.5583333333333333,0.4416666666666667
2021-08-09,0.6166666666666666,0.5416666666666666,0.7416666666666667,0.44166666666666665,0.8166666666666667,0.3416666666666667
2021-08-10,0.6916666666666667,0.5916666666666667,0.8833333333333333,0.41666666666666663,0.5166666666666667,0.4000000000000001
2021-08-11,0.6833333333333333,0.525,0.9416666666666667,0.575,0.4333333333333333,0.3416666666666667
2021-08-12,0.7000000000000001,0.8083333333333333,0.8666666666666667,0.5083333333333334,0.3833333333333333,0.2333333333333333
2021-08-13,0.6416666666666667,0.8583333333333334,0.6083333333333333,0.7416666666666666,0.4666666666666666,0.18333333333333332
2021-08-16,0.575,0.8666666666666667,0.6666666666666666,0.7333333333333333,0.475,0.18333333333333332
2021-08-17,0.55,0.9,0.675,0.675,0.5166666666666667,0.18333333333333332
2021-08-18,0.6166666666666666,0.9,0.7166666666666666,0.65,0.3,0.31666666666666665
2021-08-19,0.7166666666666667,0.9416666666666667,0.6833333333333332,0.48333333333333334,0.3583333333333333,0.31666666666666665
2021-08-20,0.7999999999999999,0.9416666666666667,0.6,0.39999999999999997,0.48333333333333334,0.27499999999999997
2021-08-23,0.7333333333333334,1.0,0.49166666666666664,0.37499999999999994,0.6666666666666666,0.2333333333333333
2021-08-24,0.5833333333333334,1.0,0.5416666666666666,0.48333333333333334,0.7166666666666667,0.175
2021-08-25,0.5916666666666667,1.0,0.4666666666666666,0.675,0.5083333333333333,0.2583333333333333
2021-08-26,0.45000000000000007,0.9416666666666668,0.525,0.6333333333333333,0.30833333333333335,0.6416666666666666
2021-08-27,0.4416666666666667,0.9416666666666668,0.425,0.6,0.5333333333333333,0.5583333333333333
2021-08-30,0.325,0.925,0.5333333333333333,0.35833333333333334,0.7666666666666667,0.5916666666666667
2021-08-31,0.42499999999999993,0.6416666666666666,0.49166666666666664,0.49166666666666664,0.9,0.55
2021-09-01,0.49166666666666664,0.5083333333333334,0.32499999999999996,0.5833333333333334,0.8833333333333334,0.7083333333333333
2021-09-02,0.5333333333333333,0.6083333333333334,0.3583333333333333,0.6499999999999999,0.9,0.45
2021-09-03,0.39166666666666666,0.6749999999999999,0.6416666666666667,0.6166666666666666,0.8,0.375
2021-09-06,0.7,0.6749999999999999,0.5666666666666667,0.5416666666666666,0.5833333333333334,0.43333333333333335
2021-09-07,0.6083333333333334,0.7666666666666666,0.8083333333333333,0.20833333333333331,0.5416666666666666,0.5666666666666667
2021-09-08,0.5083333333333333,0.75,0.7583333333333333,0.55,0.5416666666666667,0.39166666666666666
2021-09-09,0.8083333333333332,0.75,0.775,0.4166666666666667,0.3583333333333333,0.39166666666666666
2021-09-10,0.8333333333333333,0.8333333333333334,0.5750000000000001,0.5333333333333333,0.35,0.375
2021-09-13,0.9416666666666667,0.8083333333333333,0.5916666666666667,0.49999999999999994,0.36666666666666664,0.2916666666666667
2021-09-14,0.925,0.6333333333333333,0.6749999999999999,0.7249999999999999,0.26666666666666666,0.275
2021-09-15,0.9,0.5750000000000001,0.775,0.7083333333333333,0.29166666666666663,0.24999999999999997
2021-09-16,0.9,0.4583333333333333,0.8333333333333334,0.7666666666666666,0.37499999999999994,0.16666666666666666
2021-09-17,0.9166666666666666,0.49166666666666664,0.8333333333333334,0.6916666666666665,0.39999999999999997,0.16666666666666666
2021-09-20,0.9,0.44999999999999996,0.8916666666666667,0.5916666666666667,0.5,0.16666666666666666
2021-09-21,0.8583333333333333,0.3333333333333333,0.9166666666666666,0.6083333333333334,0.5583333333333333,0.22499999999999998
2021-09-22,0.9,0.44999999999999996,0.8916666666666667,0.55,0.5416666666666666,0.16666666666666666
2021-09-23,0.8333333333333333,0.4083333333333333,0.9416666666666667,0.55,0.5583333333333333,0.20833333333333331
2021-09-24,0.8833333333333333,0.475,0.8750000000000001,0.3583333333333333,0.6833333333333332,0.22499999999999998
2021-09-27,0.8833333333333333,0.4083333333333333,0.8750000000000001,0.44166666666666665,0.6833333333333332,0.20833333333333331
2021-09-28,0.9166666666666666,0.44999999999999996,0.8750000000000001,0.5499999999999999,0.5416666666666667,0.16666666666666666
2021-09-29,0.7916666666666666,0.3916666666666666,0.6333333333333333,0.8,0.7166666666666666,0.16666666666666666
2021-09-30,0.8083333333333332,0.475,0.5166666666666667,0.6916666666666667,0.7666666666666666,0.24166666666666664
2021-10-01,0.7499999999999999,0.5333333333333333,0.42500000000000004,0.6583333333333333,0.825,0.30833333333333335
2021-10-04,0.7166666666666667,0.5166666666666667,0.4333333333333334,0.7583333333333333,0.8083333333333333,0.26666666666666666
2021-10-05,0.6,0.6916666666666665,0.4416666666666667,0.8,0.6583333333333333,0.30833333333333335
2021-10-06,0.6,0.44166666666666665,0.41666666666666674,0.7583333333333333,0.7666666666666666,0.5166666666666667
2021-10-07,0.4333333333333333,0.5666666666666667,0.5083333333333334,0.9583333333333334,0.7000000000000001,0.3333333333333333
2021-10-08,0.5750000000000001,0.4416666666666666,0.5166666666666667,0.9083333333333333,0.8083333333333333,0.24999999999999997
2021-10-11,0.5666666666666667,0.3583333333333333,0.6083333333333334,0.7083333333333334,0.75,0.5083333333333333
2021-10-12,0.6583333333333333,0.3583333333333333,0.575,0.7999999999999999,0.7583333333333334,0.35000000000000003
2021-10-13,0.75,0.24999999999999997,0.6166666666666667,0.7416666666666666,0.8083333333333333,0.3333333333333333
2021-10-14,0.6749999999999999,0.3333333333333333,0.8,0.8333333333333333,0.6916666666666667,0.16666666666666666
2021-10-15,0.5,0.3333333333333333,0.9083333333333333,0.75,0.8416666666666667,0.16666666666666666
2021-10-18,0.49999999999999994,0.4333333333333333,0.9416666666666667,0.5499999999999999,0.8916666666666667,0.18333333333333332
2021-10-19,0.39999999999999997,0.675,0.8333333333333333,0.4833333333333333,0.9416666666666668,0.16666666666666666
2021-10-20,0.3916666666666666,0.825,0.6749999999999999,0.49166666666666664,0.9416666666666667,0.175
2021-10-21,0.37499999999999994,0.7499999999999999,0.6166666666666666,0.7083333333333334,0.8833333333333334,0.16666666666666666
2021-10-22,0.36666666666666664,0.95,0.75,0.55,0.6833333333333333,0.2
2021-10-25,0.4333333333333333,0.95,0.8583333333333334,0.49166666666666664,0.5499999999999999,0.21666666666666667
2021-10-26,0.38333333333333336,1.0,0.8333333333333334,0.5,0.475,0.30833333333333335
2021-10-27,0.3333333333333333,0.975,0.8583333333333334,0.4166666666666667,0.49999999999999994,0.41666666666666663
2021-10-28,0.325,0.8916666666666667,0.8583333333333333,0.475,0.42499999999999993,0.525
2021-10-29,0.3166666666666667,0.85,0.9,0.3666666666666667,0.5416666666666666,0.525
2021-11-01,0.3166666666666667,0.775,0.9583333333333334,0.4666666666666666,0.4666666666666667,0.5166666666666666
2021-11-02,0.325,0.725,0.9416666666666668,0.4333333333333333,0.41666666666666663,0.6583333333333333
2021-11-03,0.325,0.725,0.9416666666666668,0.4333333333333333,0.41666666666666663,0.6583333333333333
2021-11-04,0.26666666666666666,0.725,0.9166666666666667,0.375,0.35833333333333334,0.8583333333333333
2021-11-05,0.27499999999999997,0.7,0.9166666666666667,0.45,0.3,0.8583333333333333
2021-11-08,0.39166666666666666,0.5,0.8916666666666667,0.44999999999999996,0.32499999999999996,0.9416666666666667
2021-11-09,0.6083333333333333,0.3583333333333333,0.9333333333333333,0.325,0.375,0.9
2021-11-10,0.6916666666666667,0.21666666666666665,0.875,0.44166666666666665,0.3416666666666667,0.9333333333333333
2021-11-11,0.7,0.20833333333333331,0.875,0.44166666666666665,0.35,0.925
2021-11-12,0.6666666666666666,0.25,0.8916666666666667,0.4083333333333333,0.3416666666666667,0.9416666666666667
2021-11-15,0.6666666666666666,0.2333333333333333,0.9,0.26666666666666666,0.5,0.9333333333333333
2021-11-16,0.6833333333333333,0.2333333333333333,0.9333333333333333,0.26666666666666666,0.5,0.8833333333333334
2021-11-17,0.6833333333333333,0.27499999999999997,0.9583333333333334,0.22499999999999998,0.5,0.8583333333333334
2021-11-18,0.6583333333333333,0.27499999999999997,0.925,0.22499999999999998,0.575,0.8416666666666668
2021-11-19,0.6166666666666667,0.27499999999999997,0.8833333333333333,0.22499999999999998,0.6583333333333333,0.8416666666666668
2021-11-22,0.5916666666666667,0.2333333333333333,0.925,0.26666666666666666,0.8666666666666667,0.6166666666666667
2021-11-23,0.7999999999999999,0.20833333333333331,0.9,0.3083333333333333,0.7,0.5833333333333334
2021-11-24,0.6749999999999999,0.24999999999999997,0.9583333333333334,0.36666666666666664,0.7666666666666666,0.48333333333333334
2021-11-25,0.7166666666666667,0.3333333333333333,0.9,0.2833333333333333,0.8083333333333332,0.4583333333333333
2021-11-26,0.775,0.40833333333333327,0.9500000000000001,0.22499999999999998,0.625,0.5166666666666667
2021-11-29,0.825,0.44999999999999996,0.8583333333333334,0.21666666666666665,0.7083333333333333,0.4416666666666667
2021-11-30,0.7833333333333333,0.49166666666666664,0.8250000000000001,0.22499999999999998,0.6833333333333332,0.49166666666666664
2021-12-01,0.7583333333333333,0.5,0.8,0.26666666666666666,0.8166666666666667,0.35833333333333334
2021-12-02,0.6416666666666667,0.44166666666666665,0.8166666666666668,0.3666666666666667,0.8750000000000001,0.35833333333333334
2021-12-03,0.6083333333333334,0.475,0.8166666666666668,0.425,0.8750000000000001,0.3
2021-12-06,0.6083333333333334,0.44166666666666665,0.7416666666666667,0.4916666666666667,0.8833333333333333,0.3333333333333333
2021-12-07,0.7083333333333333,0.475,0.7833333333333334,0.3666666666666667,0.8083333333333332,0.35833333333333334
2021-12-08,0.7333333333333333,0.4583333333333333,0.7333333333333334,0.35000000000000003,0.8500000000000001,0.375
2021-12-09,0.6916666666666667,0.575,0.8166666666666668,0.2916666666666667,0.75,0.375
2021-12-10,0.7749999999999999,0.5583333333333333,0.7916666666666667,0.24999999999999997,0.75,0.375
2021-12-13,0.7333333333333333,0.5583333333333333,0.8333333333333334,0.26666666666666666,0.75,0.35833333333333334
2021-12-14,0.6833333333333332,0.6416666666666666,0.7083333333333334,0.24999999999999997,0.8083333333333333,0.4083333333333333
2021-12-15,0.6083333333333333,0.7999999999999999,0.7083333333333334,0.2916666666666667,0.8416666666666667,0.24999999999999997
2021-12-16,0.6583333333333333,0.7499999999999999,0.5750000000000001,0.2583333333333333,0.9500000000000001,0.3083333333333333
2021-12-17,0.5833333333333333,0.725,0.65,0.2583333333333333,1.0,0.2833333333333333
2021-12-20,0.5416666666666666,0.8583333333333333,0.6416666666666666,0.2916666666666667,0.9166666666666667,0.24999999999999997
2021-12-21,0.5416666666666666,0.8583333333333333,0.7,0.2916666666666667,0.8583333333333334,0.24999999999999997
2021-12-22,0.5416666666666666,0.8833333333333333,0.7,0.2833333333333334,0.8333333333333334,0.2583333333333333
2021-12-23,0.525,0.8833333333333333,0.6,0.36666666666666664,0.7833333333333333,0.3416666666666666
2021-12-24,0.6749999999999999,0.8416666666666667,0.6333333333333333,0.4083333333333333,0.6916666666666667,0.24999999999999997
2021-12-27,0.5333333333333333,0.8416666666666667,0.5583333333333333,0.38333333333333336,0.6833333333333333,0.5
2021-12-28,0.5416666666666667,0.7999999999999999,0.48333333333333334,0.42500000000000004,0.4666666666666666,0.7833333333333332
2021-12-29,0.6000000000000001,0.825,0.525,0.4666666666666667,0.36666666666666664,0.7166666666666667
2021-12-30,0.4666666666666666,0.825,0.48333333333333334,0.5666666666666667,0.5166666666666666,0.6416666666666667
2021-12-31,0.6583333333333333,0.4666666666666666,0.45833333333333337,0.575,0.525,0.8166666666666668
2022-01-03,0.6166666666666667,0.35833333333333334,0.5333333333333333,0.6,0.6333333333333333,0.7583333333333333
2022-01-04,0.44166666666666665,0.375,0.5166666666666667,0.6333333333333333,0.6749999999999999,0.8583333333333334
2022-01-05,0.4666666666666666,0.27499999999999997,0.5916666666666667,0.6666666666666666,0.6749999999999999,0.825
2022-01-06,0.30833333333333335,0.41666666666666663,0.6166666666666666,0.7083333333333333,0.775,0.675
2022-01-07,0.30833333333333335,0.425,0.6583333333333333,0.6833333333333332,0.8166666666666668,0.6083333333333334
2022-01-10,0.22499999999999998,0.7583333333333334,0.8416666666666666,0.5083333333333333,0.6499999999999999,0.5166666666666667
2022-01-11,0.26666666666666666,0.8583333333333333,0.825,0.5083333333333333,0.6916666666666667,0.35
2022-01-12,0.3333333333333333,0.8583333333333333,0.7999999999999999,0.6166666666666667,0.6083333333333334,0.2833333333333333
2022-01-13,0.29166666666666663,0.7333333333333333,0.7749999999999999,0.5583333333333333,0.7,0.4416666666666667
2022-01-14,0.22499999999999998,0.41666666666666663,0.8666666666666666,0.475,0.8416666666666667,0.6750000000000002
2022-01-17,0.325,0.29166666666666663,0.9333333333333333,0.40833333333333327,0.7416666666666666,0.7999999999999999
2022-01-18,0.26666666666666666,0.35,0.7999999999999999,0.4583333333333333,0.7999999999999999,0.8250000000000001
2022-01-19,0.325,0.29166666666666663,0.8166666666666667,0.5333333333333333,0.6916666666666667,0.8416666666666667
2022-01-20,0.26666666666666666,0.4166666666666667,0.625,0.41666666666666663,0.8,0.975
2022-01-21,0.325,0.37499999999999994,0.49166666666666664,0.4749999999999999,0.8666666666666667,0.9666666666666667
2022-01-24,0.21666666666666665,0.5,0.4,0.575,0.8583333333333334,0.95
2022-01-25,0.26666666666666666,0.7000000000000001,0.44166666666666665,0.36666666666666664,0.75,0.975
2022-01-26,0.26666666666666666,0.7416666666666667,0.44166666666666665,0.4083333333333333,0.6666666666666666,0.975
2022-01-27,0.24999999999999997,0.6499999999999999,0.4666666666666666,0.6166666666666667,0.5166666666666667,1.0
2022-01-28,0.26666666666666666,0.6083333333333333,0.4916666666666666,0.6749999999999999,0.47500000000000003,0.9833333333333334
2022-01-31,0.2833333333333333,0.39999999999999997,0.6333333333333333,0.7833333333333333,0.5833333333333334,0.8166666666666667
2022-02-01,0.39999999999999997,0.5916666666666667,0.4749999999999999,0.5583333333333333,0.5333333333333333,0.9416666666666667
2022-02-02,0.525,0.85,0.3916666666666666,0.4749999999999999,0.5083333333333334,0.75
2022-02-03,0.5,0.85,0.5333333333333333,0.41666666666666663,0.48333333333333334,0.7166666666666667
2022-02-04,0.4,0.85,0.5583333333333333,0.4583333333333333,0.42500000000000004,0.8083333333333333
2022-02-07,0.4,0.875,0.5583333333333333,0.4333333333333333,0.42500000000000004,0.8083333333333333
2022-02-08,0.26666666666666666,0.7416666666666666,0.6833333333333332,0.7333333333333333,0.42500000000000004,0.65
2022-02-09,0.3333333333333333,0.8083333333333332,0.7583333333333333,0.8833333333333333,0.2833333333333333,0.4333333333333333
2022-02-10,0.37499999999999994,0.7666666666666666,0.7166666666666666,0.925,0.2833333333333333,0.4333333333333333
2022-02-11,0.37499999999999994,0.7916666666666666,0.7416666666666666,0.925,0.33333333333333337,0.3333333333333333
2022-02-14,0.37499999999999994,0.7666666666666666,0.8083333333333332,0.8833333333333334,0.3416666666666667,0.32499999999999996
2022-02-15,0.3583333333333333,0.875,0.8083333333333332,0.8166666666666667,0.3416666666666667,0.3
2022-02-16,0.41666666666666663,0.9333333333333333,0.7916666666666666,0.7166666666666667,0.3416666666666667,0.3
2022-02-17,0.2916666666666667,0.8666666666666667,0.8083333333333332,0.825,0.4333333333333333,0.27499999999999997
2022-02-18,0.2833333333333334,0.8083333333333332,0.75,0.8833333333333334,0.5166666666666666,0.2583333333333333
2022-02-21,0.24166666666666664,0.7666666666666666,0.825,0.6833333333333333,0.725,0.2583333333333333
2022-02-22,0.24999999999999997,0.825,0.8666666666666667,0.625,0.6416666666666666,0.29166666666666663
2022-02-23,0.24999999999999997,0.8083333333333332,0.825,0.65,0.6749999999999999,0.29166666666666663
2022-02-24,0.24999999999999997,0.8833333333333333,0.6083333333333334,0.6916666666666667,0.7749999999999999,0.29166666666666663
2022-02-25,0.24999999999999997,0.7833333333333332,0.6333333333333334,0.7333333333333334,0.8083333333333332,0.29166666666666663
2022-02-28,0.26666666666666666,0.49166666666666664,0.6749999999999999,0.9083333333333333,0.7999999999999999,0.3583333333333333
2022-03-01,0.24999999999999997,0.5666666666666667,0.5833333333333334,0.8,0.8333333333333333,0.4666666666666667
2022-03-02,0.26666666666666666,0.5416666666666667,0.3333333333333333,0.8833333333333333,0.6833333333333332,0.7916666666666666
2022-03-03,0.26666666666666666,0.6000000000000001,0.27499999999999997,0.9083333333333333,0.6249999999999999,0.825
2022-03-04,0.3333333333333333,0.5583333333333333,0.24999999999999997,0.9500000000000001,0.5833333333333333,0.825
2022-03-07,0.3333333333333333,0.4666666666666667,0.2583333333333333,0.9416666666666668,0.6083333333333333,0.8916666666666667
2022-03-08,0.35,0.44166666666666665,0.2833333333333333,0.9416666666666668,0.5916666666666667,0.8916666666666667
2022-03-09,0.3333333333333333,0.35,0.31666666666666665,0.9166666666666667,0.6666666666666666,0.9166666666666666
2022-03-10,0.35,0.325,0.3416666666666666,0.8916666666666667,0.65,0.9416666666666667
2022-03-11,0.31666666666666665,0.2833333333333333,0.39999999999999997,0.9,0.7,0.9
2022-03-14,0.275,0.26666666666666666,0.4583333333333333,0.925,0.7,0.8750000000000001
2022-03-15,0.2916666666666667,0.24999999999999997,0.5166666666666666,0.9583333333333334,0.6083333333333333,0.8750000000000001
2022-03-16,0.24999999999999997,0.35,0.5833333333333333,0.9583333333333334,0.4833333333333333,0.8750000000000001
2022-03-17,0.20833333333333331,0.29166666666666663,0.6666666666666666,0.9583333333333334,0.5,0.8750000000000001
2022-03-18,0.20833333333333331,0.29166666666666663,0.6916666666666665,0.8166666666666667,0.625,0.8666666666666667
2022-03-21,0.20833333333333331,0.29166666666666663,0.5416666666666666,0.8583333333333334,0.7916666666666666,0.8083333333333332
2022-03-22,0.20833333333333331,0.29166666666666663,0.5583333333333333,0.9583333333333334,0.7916666666666666,0.6916666666666667
2022-03-23,0.20833333333333331,0.37499999999999994,0.575,1.0,0.7083333333333333,0.6333333333333334
2022-03-24,0.20833333333333331,0.37499999999999994,0.5416666666666666,1.0,0.725,0.65
2022-03-25,0.20833333333333331,0.37499999999999994,0.6166666666666667,0.8583333333333333,0.9166666666666666,0.525
2022-03-28,0.2583333333333333,0.4083333333333333,0.6166666666666667,0.7083333333333334,0.9416666666666667,0.5666666666666667
2022-03-29,0.20833333333333331,0.41666666666666663,0.6,0.8,0.8416666666666667,0.6333333333333333
2022-03-30,0.20833333333333331,0.37499999999999994,0.625,0.9083333333333333,0.7833333333333333,0.6
2022-03-31,0.22499999999999998,0.3916666666666666,0.8583333333333334,0.9083333333333333,0.7333333333333333,0.38333333333333336
2022-04-01,0.24166666666666664,0.36666666666666664,0.825,0.9583333333333334,0.7166666666666666,0.3916666666666667
2022-04-04,0.22499999999999998,0.3916666666666666,0.8500000000000001,0.9583333333333334,0.6916666666666667,0.38333333333333336
2022-04-05,0.20833333333333331,0.5416666666666667,0.8833333333333333,0.8166666666666667,0.6166666666666667,0.43333333333333335
2022-04-06,0.20833333333333331,0.5333333333333333,0.7333333333333333,0.875,0.6583333333333333,0.4916666666666667
2022-04-07,0.24999999999999997,0.5916666666666667,0.6499999999999999,0.7333333333333334,0.7833333333333333,0.4916666666666667
2022-04-08,0.2583333333333333,0.6416666666666666,0.8,0.775,0.5666666666666667,0.45833333333333337
2022-04-11,0.3416666666666667,0.5,0.8166666666666667,0.8333333333333334,0.5333333333333333,0.47500000000000003
2022-04-12,0.3416666666666667,0.5,0.7916666666666666,0.875,0.5166666666666666,0.47500000000000003
2022-04-13,0.4666666666666667,0.5416666666666666,0.75,0.8583333333333334,0.5083333333333333,0.375
2022-04-14,0.44999999999999996,0.7249999999999999,0.7333333333333334,0.875,0.48333333333333334,0.2333333333333333
2022-04-15,0.5083333333333333,0.6833333333333332,0.8166666666666667,0.8,0.44999999999999996,0.24166666666666664
2022-04-18,0.4666666666666667,0.525,0.875,0.8166666666666667,0.5666666666666667,0.24999999999999997
2022-04-19,0.4333333333333333,0.525,0.9166666666666666,0.8333333333333334,0.5666666666666667,0.22499999999999998
2022-04-20,0.5583333333333333,0.4749999999999999,0.9333333333333333,0.6833333333333333,0.625,0.22499999999999998
2022-04-21,0.5333333333333334,0.39999999999999997,0.8833333333333333,0.8,0.5666666666666667,0.31666666666666665
2022-04-22,0.525,0.45833333333333326,0.8583333333333334,0.875,0.5416666666666666,0.24166666666666664
2022-04-25,0.6416666666666666,0.3,0.8166666666666667,0.9,0.5416666666666666,0.3
2022-04-26,0.5833333333333334,0.325,0.775,1.0,0.5833333333333334,0.2333333333333333
2022-04-27,0.6249999999999999,0.3916666666666666,0.75,0.9500000000000001,0.6166666666666667,0.16666666666666666
2022-04-28,0.44166666666666665,0.40833333333333327,0.8666666666666667,0.9083333333333333,0.65,0.22499999999999998
2022-04-29,0.37499999999999994,0.5583333333333333,0.8166666666666667,1.0,0.5249999999999999,0.22499999999999998
2022-05-02,0.27499999999999997,0.6833333333333332,0.925,0.7916666666666666,0.5166666666666666,0.30833333333333335
2022-05-03,0.27499999999999997,0.7749999999999999,0.8333333333333334,0.8166666666666667,0.49166666666666664,0.30833333333333335
2022-05-04,0.27499999999999997,0.7749999999999999,0.65,0.7916666666666666,0.7833333333333333,0.22499999999999998
2022-05-05,0.45833333333333326,0.8166666666666667,0.49999999999999994,0.7666666666666666,0.7916666666666666,0.16666666666666666
2022-05-06,0.49999999999999994,0.8166666666666667,0.4166666666666667,0.7000000000000001,0.8416666666666667,0.22499999999999998
2022-05-09,0.55,0.7916666666666666,0.44999999999999996,0.6416666666666667,0.9,0.16666666666666666
2022-05-10,0.4416666666666666,0.825,0.4166666666666667,0.625,0.8916666666666667,0.3
2022-05-11,0.5416666666666666,0.825,0.5833333333333334,0.45833333333333337,0.875,0.21666666666666665
2022-05-12,0.6,0.8166666666666667,0.5583333333333333,0.45,0.85,0.22499999999999998
2022-05-13,0.625,0.8166666666666667,0.5583333333333333,0.45833333333333337,0.825,0.21666666666666665
2022-05-16,0.6333333333333333,0.8083333333333333,0.5416666666666666,0.48333333333333334,0.825,0.20833333333333331
2022-05-17,0.725,0.7583333333333334,0.5,0.4916666666666667,0.7833333333333332,0.24166666666666664
2022-05-18,0.825,0.6166666666666667,0.49999999999999994,0.45,0.825,0.2833333333333333
2022-05-19,0.8416666666666667,0.40833333333333327,0.38333333333333336,0.5166666666666666,0.775,0.5750000000000001
2022-05-20,0.8416666666666667,0.40833333333333327,0.375,0.525,0.775,0.5750000000000001
2022-05-23,0.8416666666666667,0.49166666666666664,0.35833333333333334,0.6333333333333333,0.6333333333333333,0.5416666666666667
2022-05-24,0.8250000000000001,0.2583333333333333,0.35,0.7666666666666666,0.7333333333333334,0.5666666666666667
2022-05-25,0.8250000000000001,0.3,0.2833333333333333,0.7000000000000001,0.75,0.6416666666666666
2022-05-26,0.8416666666666667,0.4416666666666666,0.22499999999999998,0.675,0.775,0.5416666666666666
2022-05-27,0.8250000000000001,0.4416666666666666,0.22499999999999998,0.675,0.75,0.5833333333333334
2022-05-30,0.8250000000000001,0.5333333333333333,0.22499999999999998,0.7333333333333333,0.6,0.5833333333333334
2022-05-31,0.7083333333333333,0.6583333333333333,0.22499999999999998,0.7999999999999999,0.5583333333333333,0.55
2022-06-01,0.5666666666666667,0.6333333333333333,0.35833333333333334,0.7916666666666666,0.49166666666666664,0.6583333333333333
2022-06-02,0.5416666666666667,0.775,0.5666666666666667,0.4083333333333333,0.5499999999999999,0.6583333333333333
2022-06-03,0.5333333333333333,0.825,0.625,0.6166666666666666,0.2833333333333333,0.6166666666666667
2022-06-06,0.425,0.8583333333333333,0.5083333333333333,0.8416666666666667,0.2916666666666667,0.575
2022-06-07,0.44166666666666665,0.85,0.44166666666666665,0.875,0.3833333333333333,0.5083333333333333
2022-06-08,0.5166666666666666,0.9,0.35833333333333334,0.825,0.39166666666666666,0.5083333333333333
2022-06-09,0.41666666666666663,0.8416666666666667,0.3833333333333333,0.8833333333333333,0.5166666666666667,0.4583333333333333
2022-06-10,0.37499999999999994,0.825,0.3833333333333333,0.6333333333333333,0.725,0.5583333333333333
2022-06-13,0.4333333333333333,0.7166666666666667,0.4,0.8666666666666667,0.6583333333333333,0.425
2022-06-14,0.4583333333333333,0.5833333333333334,0.4,0.5916666666666668,0.7583333333333333,0.7083333333333333
2022-06-15,0.8333333333333334,0.44166666666666665,0.44166666666666665,0.5750000000000001,0.5666666666666667,0.6416666666666667
2022-06-16,0.8666666666666667,0.4583333333333334,0.5166666666666667,0.4166666666666667,0.5916666666666667,0.65
2022-06-17,0.875,0.5750000000000001,0.6,0.22499999999999998,0.5416666666666666,0.6833333333333332
2022-06-20,0.9166666666666666,0.5583333333333333,0.7,0.39166666666666666,0.30833333333333335,0.625
2022-06-21,0.9166666666666666,0.5583333333333333,0.7,0.22499999999999998,0.475,0.625
2022-06-22,0.9166666666666666,0.3833333333333333,0.6499999999999999,0.4666666666666667,0.44166666666666665,0.6416666666666667
2022-06-23,0.9166666666666666,0.5,0.6249999999999999,0.35000000000000003,0.4666666666666666,0.6416666666666667
2022-06-24,0.9583333333333334,0.5083333333333333,0.7666666666666666,0.3,0.425,0.5416666666666666
2022-06-27,0.9583333333333334,0.525,0.7666666666666666,0.2333333333333333,0.47500000000000003,0.5416666666666666
2022-06-28,0.9583333333333334,0.44166666666666665,0.7333333333333334,0.175,0.6749999999999999,0.5166666666666667
2022-06-29,0.9583333333333334,0.5666666666666668,0.7666666666666666,0.16666666666666666,0.525,0.5166666666666666
2022-06-30,0.9500000000000001,0.55,0.8833333333333334,0.24166666666666664,0.4833333333333333,0.3916666666666666
2022-07-01,0.9583333333333334,0.6083333333333333,0.8166666666666667,0.26666666666666666,0.5166666666666666,0.3333333333333333
2022-07-04,0.9583333333333334,0.6166666666666666,0.8750000000000001,0.24166666666666664,0.425,0.3833333333333333
2022-07-05,0.9583333333333334,0.6416666666666666,0.8750000000000001,0.35833333333333334,0.36666666666666664,0.3
2022-07-06,0.9583333333333334,0.6749999999999999,0.7916666666666666,0.22499999999999998,0.44999999999999996,0.39999999999999997
2022-07-07,0.9583333333333334,0.6749999999999999,0.6749999999999999,0.20833333333333331,0.37499999999999994,0.6083333333333333
2022-07-08,0.9,0.7000000000000001,0.8083333333333332,0.16666666666666666,0.3333333333333333,0.5916666666666666
2022-07-11,0.775,0.7,0.7833333333333333,0.16666666666666666,0.3333333333333333,0.7416666666666667
2022-07-12,0.775,0.5833333333333333,0.7833333333333333,0.175,0.325,0.8583333333333334
2022-07-13,0.8,0.5833333333333333,0.8083333333333333,0.22499999999999998,0.27499999999999997,0.8083333333333332
2022-07-14,0.8,0.7333333333333333,0.7833333333333333,0.22499999999999998,0.27499999999999997,0.6833333333333332
2022-07-15,0.7500000000000001,0.6749999999999998,0.7333333333333334,0.20833333333333331,0.29166666666666663,0.8416666666666666
2022-07-18,0.7166666666666666,0.7583333333333333,0.6833333333333333,0.24999999999999997,0.3333333333333333,0.7583333333333333
2022-07-19,0.625,0.7666666666666666,0.6583333333333333,0.325,0.29166666666666663,0.8333333333333333
2022-07-20,0.6,0.825,0.6416666666666667,0.3666666666666667,0.26666666666666666,0.7999999999999999
2022-07-21,0.5583333333333333,0.7833333333333332,0.5999999999999999,0.44166666666666665,0.2833333333333333,0.8333333333333333
2022-07-22,0.6166666666666667,0.7499999999999999,0.65,0.44999999999999996,0.26666666666666666,0.7666666666666666
2022-07-25,0.575,0.5583333333333333,0.7416666666666666,0.5583333333333333,0.20833333333333331,0.8583333333333334
2022-07-26,0.6333333333333333,0.6499999999999999,0.5083333333333333,0.575,0.20833333333333331,0.925
2022-07-27,0.5916666666666666,0.6666666666666666,0.55,0.6416666666666666,0.16666666666666666,0.8833333333333334
2022-07-28,0.5916666666666666,0.5833333333333334,0.725,0.6416666666666666,0.16666666666666666,0.7916666666666666
2022-07-29,0.6333333333333333,0.5416666666666666,0.8416666666666667,0.625,0.16666666666666666,0.6916666666666667
2022-08-01,0.6499999999999999,0.4333333333333333,0.8,0.7416666666666666,0.16666666666666666,0.7083333333333334
2022-08-02,0.6,0.6,0.7833333333333333,0.7416666666666666,0.175,0.6000000000000001
2022-08-03,0.6,0.625,0.7833333333333333,0.7416666666666666,0.21666666666666665,0.5333333333333334
2022-08-04,0.7000000000000001,0.5833333333333333,0.8,0.7416666666666666,0.22499999999999998,0.45
2022-08-05,0.7583333333333333,0.5416666666666666,0.7833333333333333,0.7416666666666666,0.20833333333333331,0.4666666666666667
2022-08-08,0.7999999999999999,0.41666666666666663,0.7833333333333333,0.7999999999999999,0.20833333333333331,0.4916666666666667
2022-08-09,0.7166666666666667,0.6666666666666666,0.8250000000000001,0.6166666666666667,0.20833333333333331,0.4666666666666667
2022-08-10,0.7500000000000001,0.6083333333333333,0.8416666666666667,0.5416666666666666,0.20833333333333331,0.5499999999999999
2022-08-11,0.85,0.47500000000000003,0.7833333333333333,0.6333333333333333,0.24166666666666664,0.5166666666666666
2022-08-12,0.8666666666666667,0.5,0.8250000000000001,0.325,0.30000000000000004,0.6833333333333333
2022-08-15,0.8666666666666667,0.47500000000000003,0.7166666666666667,0.3083333333333333,0.34166666666666673,0.7916666666666667
2022-08-16,0.8500000000000001,0.425,0.5916666666666667,0.3583333333333333,0.38333333333333336,0.8916666666666666
2022-08-17,0.7166666666666667,0.325,0.5,0.5916666666666667,0.3666666666666667,1.0
2022-08-18,0.7,0.3333333333333333,0.4666666666666666,0.6333333333333334,0.3666666666666667,1.0
2022-08-19,0.5583333333333333,0.3916666666666666,0.55,0.6166666666666667,0.38333333333333336,1.0
2022-08-22,0.5833333333333334,0.3916666666666666,0.5250000000000001,0.6166666666666667,0.38333333333333336,1.0
2022-08-23,0.5,0.4333333333333333,0.5916666666666667,0.575,0.4,1.0
2022-08-24,0.625,0.37499999999999994,0.7083333333333333,0.44999999999999996,0.41666666666666674,0.925
2022-08-25,0.6166666666666667,0.5,0.7666666666666666,0.36666666666666664,0.35000000000000003,0.9
2022-08-26,0.7583333333333333,0.525,0.8,0.27499999999999997,0.44166666666666665,0.7
2022-08-29,0.7916666666666666,0.5833333333333333,0.9166666666666667,0.27499999999999997,0.39166666666666666,0.5416666666666666
2022-08-30,0.8833333333333333,0.7,0.7333333333333333,0.27499999999999997,0.4083333333333333,0.49999999999999994
2022-08-31,0.9083333333333333,0.7416666666666667,0.7083333333333333,0.35,0.33333333333333337,0.4583333333333333
2022-09-01,0.8833333333333333,0.7083333333333333,0.7666666666666667,0.3333333333333333,0.3666666666666667,0.44166666666666665
2022-09-02,0.8833333333333333,0.7249999999999999,0.7500000000000001,0.35833333333333334,0.4166666666666667,0.36666666666666664
2022-09-05,0.7333333333333334,0.5916666666666667,0.9916666666666667,0.35833333333333334,0.45833333333333337,0.36666666666666664
2022-09-06,0.825,0.5499999999999999,0.9666666666666667,0.35000000000000003,0.43333333333333335,0.375
2022-09-07,0.9083333333333333,0.5666666666666667,0.8833333333333334,0.29166666666666663,0.4166666666666667,0.43333333333333335
2022-09-08,0.775,0.5833333333333333,1.0,0.29166666666666663,0.4166666666666667,0.43333333333333335
2022-09-09,0.775,0.5833333333333333,1.0,0.39999999999999997,0.33333333333333337,0.4083333333333333
2022-09-12,0.8583333333333334,0.6583333333333333,0.9416666666666667,0.39999999999999997,0.325,0.31666666666666665
2022-09-13,0.9,0.5583333333333333,0.9333333333333333,0.49999999999999994,0.35,0.2583333333333333
2022-09-14,0.9,0.49166666666666664,0.9333333333333333,0.5666666666666667,0.37499999999999994,0.2333333333333333
2022-09-15,0.925,0.49999999999999994,0.875,0.6416666666666666,0.31666666666666665,0.24166666666666664
2022-09-16,0.9416666666666667,0.49999999999999994,0.8333333333333333,0.6666666666666666,0.31666666666666665,0.24166666666666664
2022-09-19,0.8916666666666667,0.49999999999999994,0.8333333333333333,0.7166666666666666,0.3333333333333333,0.22499999999999998
2022-09-20,0.7999999999999999,0.5166666666666666,0.9333333333333333,0.7083333333333333,0.31666666666666665,0.22499999999999998
2022-09-21,0.8333333333333333,0.49999999999999994,0.9583333333333334,0.6499999999999999,0.24999999999999997,0.3083333333333333
2022-09-22,0.775,0.49999999999999994,0.9833333333333334,0.6833333333333332,0.27499999999999997,0.2833333333333333
2022-09-23,0.775,0.49999999999999994,0.9833333333333334,0.6833333333333332,0.24999999999999997,0.3083333333333333
2022-09-26,0.7166666666666668,0.4,0.9916666666666667,0.7333333333333333,0.2916666666666667,0.36666666666666664
2022-09-27,0.6916666666666667,0.35833333333333334,0.9416666666666668,0.7833333333333332,0.3583333333333333,0.3666666666666667
2022-09-28,0.6916666666666667,0.35833333333333334,0.9,0.7833333333333332,0.26666666666666666,0.5
2022-09-29,0.5916666666666667,0.4583333333333333,0.9166666666666666,0.75,0.27499999999999997,0.5083333333333333
2022-09-30,0.5750000000000001,0.4583333333333333,0.9083333333333333,0.7583333333333333,0.31666666666666665,0.48333333333333334
2022-10-03,0.5750000000000001,0.475,0.9500000000000001,0.6749999999999999,0.26666666666666666,0.5583333333333333
2022-10-04,0.5500000000000002,0.40833333333333327,0.9500000000000001,0.6916666666666665,0.26666666666666666,0.6333333333333333
2022-10-05,0.47500000000000003,0.4333333333333333,0.9416666666666668,0.725,0.2583333333333333,0.6666666666666666
2022-10-06,0.5499999999999999,0.36666666666666664,0.9416666666666668,0.575,0.3166666666666667,0.75
2022-10-07,0.5833333333333335,0.525,0.9416666666666668,0.4333333333333333,0.26666666666666666,0.75
2022-10-10,0.65,0.4583333333333333,0.9583333333333334,0.36666666666666664,0.3333333333333333,0.7333333333333334
2022-10-11,0.7083333333333334,0.4583333333333333,0.875,0.425,0.34166666666666673,0.6916666666666665
2022-10-12,0.7083333333333334,0.6249999999999999,0.875,0.49999999999999994,0.2916666666666667,0.49999999999999994
2022-10-13,0.775,0.6666666666666666,0.8333333333333334,0.42500000000000004,0.2583333333333333,0.5416666666666666
2022-10-14,0.7500000000000001,0.6499999999999999,0.9166666666666666,0.4083333333333333,0.20833333333333331,0.5666666666666667
2022-10-17,0.775,0.7416666666666666,0.8583333333333334,0.3333333333333333,0.22499999999999998,0.5666666666666667
2022-10-18,0.8083333333333333,0.725,0.8,0.2916666666666667,0.30833333333333335,0.5666666666666667
2022-10-19,0.7916666666666667,0.7083333333333333,0.8333333333333334,0.2833333333333333,0.31666666666666665,0.5666666666666667
2022-10-20,0.7916666666666667,0.7083333333333333,0.8333333333333334,0.2333333333333333,0.30833333333333335,0.625
2022-10-21,0.7916666666666667,0.6416666666666666,0.875,0.2583333333333333,0.24166666666666664,0.6916666666666665
2022-10-24,0.7500000000000001,0.6,0.9583333333333334,0.22499999999999998,0.27499999999999997,0.6916666666666665
2022-10-25,0.7083333333333333,0.5833333333333333,0.9583333333333334,0.22499999999999998,0.29166666666666663,0.7333333333333334
2022-10-26,0.6916666666666667,0.5583333333333333,0.9500000000000001,0.22499999999999998,0.27499999999999997,0.7999999999999999
2022-10-27,0.6166666666666667,0.6833333333333333,0.9416666666666668,0.175,0.325,0.7583333333333334
2022-10-28,0.6416666666666667,0.5833333333333333,0.9583333333333334,0.29166666666666663,0.20833333333333331,0.8166666666666667
2022-10-31,0.6499999999999999,0.7499999999999999,0.9416666666666668,0.19166666666666665,0.325,0.6416666666666666
2022-11-01,0.5750000000000001,0.7499999999999999,0.9416666666666668,0.16666666666666666,0.37499999999999994,0.6916666666666665
2022-11-02,0.5750000000000001,0.7499999999999999,0.925,0.16666666666666666,0.37499999999999994,0.7083333333333333
2022-11-03,0.5000000000000001,0.7833333333333333,0.8833333333333333,0.22499999999999998,0.3916666666666666,0.7166666666666666
2022-11-04,0.625,0.7833333333333333,0.8,0.2916666666666667,0.37499999999999994,0.625
2022-11-07,0.6166666666666667,0.8416666666666667,0.7583333333333334,0.4833333333333334,0.3333333333333333,0.4666666666666667
2022-11-08,0.6416666666666666,0.7833333333333333,0.85,0.5333333333333333,0.30833333333333335,0.38333333333333336
2022-11-09,0.75,0.7416666666666667,0.7166666666666667,0.575,0.3833333333333333,0.3333333333333333
2022-11-10,0.6916666666666668,0.7916666666666667,0.6583333333333333,0.5166666666666667,0.39999999999999997,0.44166666666666665
2022-11-11,0.6916666666666668,0.7583333333333333,0.6749999999999999,0.425,0.55,0.39999999999999997
2022-11-14,0.6916666666666668,0.7416666666666666,0.6583333333333333,0.5166666666666667,0.475,0.41666666666666663
2022-11-15,0.7583333333333333,0.5416666666666666,0.7,0.4666666666666667,0.575,0.4583333333333333
2022-11-16,0.775,0.5083333333333333,0.7,0.4083333333333333,0.49166666666666664,0.6166666666666666
2022-11-17,0.75,0.575,0.6833333333333333,0.4083333333333333,0.55,0.5333333333333333
2022-11-18,0.6,0.6333333333333333,0.7416666666666667,0.5666666666666667,0.2916666666666667,0.6666666666666666
2022-11-21,0.5583333333333333,0.6916666666666667,0.775,0.475,0.2916666666666667,0.7083333333333333
2022-11-22,0.4333333333333333,0.85,0.7083333333333333,0.5,0.2916666666666667,0.7166666666666666
2022-11-23,0.475,0.8583333333333333,0.7083333333333333,0.575,0.24999999999999997,0.6333333333333333
2022-11-24,0.40833333333333327,0.9,0.6916666666666667,0.625,0.2916666666666667,0.5833333333333333
2022-11-25,0.4666666666666667,0.9,0.7083333333333333,0.5416666666666666,0.2583333333333333,0.625
2022-11-28,0.40833333333333327,0.8833333333333334,0.7416666666666666,0.6083333333333333,0.3333333333333333,0.525
2022-11-29,0.4666666666666666,0.8916666666666667,0.75,0.6583333333333333,0.375,0.35833333333333334
2022-11-30,0.425,0.8833333333333334,0.7666666666666667,0.65,0.39999999999999997,0.375
2022-12-01,0.325,0.8583333333333334,0.6916666666666667,0.8333333333333333,0.41666666666666663,0.375
2022-12-02,0.3166666666666667,0.8166666666666668,0.6333333333333333,0.8583333333333333,0.48333333333333334,0.39166666666666666
2022-12-05,0.26666666666666666,0.8166666666666668,0.575,0.8583333333333333,0.5916666666666667,0.3916666666666666
2022-12-06,0.26666666666666666,0.775,0.6166666666666666,0.8833333333333333,0.6083333333333334,0.35
2022-12-07,0.39999999999999997,0.7916666666666667,0.6166666666666666,0.8833333333333333,0.5333333333333333,0.27499999999999997
2022-12-08,0.26666666666666666,0.775,0.575,0.8833333333333333,0.6083333333333334,0.39166666666666666
2022-12-09,0.3416666666666667,0.6666666666666666,0.6083333333333333,0.8833333333333333,0.6333333333333333,0.36666666666666664
2022-12-12,0.30000000000000004,0.6083333333333333,0.6499999999999999,0.9416666666666667,0.6333333333333333,0.36666666666666664
2022-12-13,0.2916666666666667,0.7083333333333333,0.6166666666666666,0.8833333333333333,0.6333333333333333,0.36666666666666664
2022-12-14,0.30000000000000004,0.6499999999999999,0.5666666666666667,0.925,0.6499999999999999,0.40833333333333327
2022-12-15,0.30000000000000004,0.75,0.45833333333333337,0.8666666666666667,0.6499999999999999,0.475
2022-12-16,0.2916666666666667,0.6166666666666666,0.5333333333333334,0.9916666666666667,0.6416666666666666,0.42499999999999993
2022-12-19,0.3333333333333333,0.675,0.36666666666666664,1.0,0.5916666666666667,0.5333333333333333
2022-12-20,0.45000000000000007,0.6916666666666667,0.375,1.0,0.5083333333333333,0.475
2022-12-21,0.44999999999999996,0.6166666666666666,0.55,1.0,0.5583333333333333,0.325
2022-12-22,0.44999999999999996,0.6749999999999999,0.5333333333333333,1.0,0.6166666666666667,0.22499999999999998
2022-12-23,0.44999999999999996,0.7333333333333334,0.5166666666666666,1.0,0.5166666666666666,0.2833333333333333
2022-12-26,0.4333333333333333,0.6083333333333333,0.5583333333333333,0.9833333333333334,0.6916666666666667,0.22499999999999998
2022-12-27,0.4916666666666667,0.5416666666666667,0.5833333333333334,0.9833333333333334,0.6583333333333333,0.24166666666666664
2022-12-28,0.3916666666666666,0.5249999999999999,0.7666666666666666,0.9916666666666667,0.6000000000000001,0.22499999999999998
2022-12-29,0.6166666666666667,0.6583333333333333,0.6583333333333333,0.925,0.475,0.16666666666666666
2022-12-30,0.475,0.725,0.7416666666666666,0.8833333333333333,0.5083333333333333,0.16666666666666666
2023-01-02,0.5333333333333333,0.6833333333333333,0.7833333333333332,0.7583333333333333,0.4916666666666666,0.24999999999999997
2023-01-03,0.5333333333333333,0.725,0.8083333333333332,0.725,0.31666666666666665,0.39166666666666666
2023-01-04,0.5166666666666666,0.7,0.8333333333333333,0.7583333333333333,0.31666666666666665,0.375
2023-01-05,0.3333333333333333,0.7833333333333333,0.7916666666666666,0.7583333333333333,0.39166666666666666,0.44166666666666665
2023-01-06,0.275,0.7333333333333334,0.7333333333333333,0.7916666666666666,0.3333333333333333,0.6333333333333334
2023-01-09,0.24999999999999997,0.7333333333333334,0.7333333333333333,0.8333333333333334,0.4,0.5499999999999999
2023-01-10,0.20833333333333331,0.6666666666666666,0.7916666666666666,0.8916666666666666,0.375,0.5666666666666667
2023-01-11,0.3833333333333333,0.4916666666666667,0.825,0.9083333333333333,0.425,0.4666666666666667
2023-01-12,0.4583333333333333,0.4166666666666667,0.8833333333333334,0.9083333333333333,0.4833333333333333,0.35000000000000003
2023-01-13,0.3416666666666666,0.4166666666666667,0.8916666666666667,0.9,0.5249999999999999,0.425
2023-01-16,0.3416666666666666,0.39166666666666666,0.8750000000000001,0.9583333333333334,0.5083333333333333,0.425
2023-01-17,0.27499999999999997,0.44166666666666665,0.8750000000000001,0.9583333333333334,0.5666666666666667,0.38333333333333336
2023-01-18,0.4666666666666667,0.36666666666666664,0.8750000000000001,0.9583333333333334,0.49999999999999994,0.3333333333333333
2023-01-19,0.27499999999999997,0.39166666666666666,0.8750000000000001,0.9166666666666666,0.5666666666666667,0.47500000000000003
2023-01-20,0.24999999999999997,0.45000000000000007,0.8166666666666667,0.8416666666666667,0.6416666666666666,0.5
2023-01-23,0.31666666666666665,0.39166666666666666,0.8750000000000001,0.8,0.6416666666666666,0.47500000000000003
2023-01-24,0.36666666666666664,0.4583333333333333,0.7166666666666666,0.725,0.775,0.45833333333333337
2023-01-25,0.31666666666666665,0.3833333333333333,0.6749999999999999,0.7416666666666667,0.7666666666666667,0.6166666666666666
2023-01-26,0.31666666666666665,0.325,0.625,0.7583333333333333,0.8083333333333333,0.6666666666666666
2023-01-27,0.2916666666666667,0.3916666666666666,0.5833333333333334,0.7333333333333333,0.825,0.6749999999999999
2023-01-30,0.2916666666666667,0.44999999999999996,0.5249999999999999,0.7583333333333333,0.825,0.65
2023-01-31,0.24999999999999997,0.6,0.49166666666666664,0.7416666666666667,0.7416666666666666,0.675
2023-02-01,0.26666666666666666,0.7083333333333334,0.42499999999999993,0.7416666666666667,0.6583333333333332,0.7000000000000001
2023-02-02,0.26666666666666666,0.5333333333333333,0.39999999999999997,0.7166666666666667,0.725,0.8583333333333333
2023-02-03,0.26666666666666666,0.6833333333333332,0.42499999999999993,0.6583333333333333,0.625,0.8416666666666667
2023-02-06,0.39166666666666666,0.6416666666666666,0.675,0.5333333333333334,0.37499999999999994,0.8833333333333333
2023-02-07,0.45833333333333326,0.45,0.6916666666666667,0.5333333333333334,0.48333333333333334,0.8833333333333333
2023-02-08,0.375,0.6583333333333332,0.6916666666666667,0.575,0.3333333333333333,0.8666666666666667
2023-02-09,0.41666666666666663,0.7666666666666666,0.65,0.5166666666666667,0.3416666666666667,0.8083333333333333
2023-02-10,0.4833333333333333,0.85,0.5416666666666666,0.525,0.30833333333333335,0.7916666666666666
2023-02-13,0.43333333333333335,0.9166666666666666,0.625,0.5499999999999999,0.26666666666666666,0.7083333333333334
2023-02-14,0.4583333333333333,0.9416666666666667,0.6916666666666667,0.5666666666666667,0.26666666666666666,0.575
2023-02-15,0.4333333333333333,0.9333333333333333,0.7416666666666666,0.6416666666666667,0.3833333333333333,0.36666666666666664
2023-02-16,0.39166666666666666,0.9416666666666667,0.5833333333333333,0.7666666666666667,0.3916666666666666,0.42499999999999993
2023-02-17,0.43333333333333335,0.925,0.375,0.8666666666666666,0.49166666666666664,0.40833333333333327
2023-02-20,0.3333333333333333,0.8083333333333333,0.24999999999999997,1.0,0.5583333333333333,0.5499999999999999
2023-02-21,0.35833333333333334,0.8333333333333334,0.29166666666666663,1.0,0.4333333333333333,0.5833333333333333
2023-02-22,0.2916666666666667,0.9,0.43333333333333335,0.9333333333333333,0.49166666666666664,0.44999999999999996
2023-02-23,0.2916666666666667,0.9,0.3583333333333333,0.9333333333333333,0.49166666666666664,0.5249999999999999
2023-02-24,0.2916666666666667,0.9,0.3583333333333333,0.9333333333333333,0.4333333333333333,0.5833333333333333
2023-02-27,0.3333333333333333,0.9,0.43333333333333335,0.9333333333333333,0.3333333333333333,0.5666666666666667
2023-02-28,0.2916666666666667,0.9416666666666667,0.475,0.8916666666666667,0.37499999999999994,0.525
2023-03-01,0.31666666666666665,0.9416666666666667,0.5333333333333333,0.8916666666666667,0.35,0.4666666666666666
2023-03-02,0.2916666666666667,0.9416666666666667,0.5583333333333333,0.8916666666666667,0.3916666666666666,0.425
2023-03-03,0.4083333333333333,0.9416666666666667,0.6,0.8916666666666667,0.24166666666666664,0.4166666666666667
2023-03-06,0.30000000000000004,0.9416666666666667,0.5333333333333333,0.8916666666666667,0.3916666666666666,0.44166666666666665
2023-03-07,0.375,0.9416666666666667,0.5583333333333333,0.85,0.36666666666666664,0.4083333333333333
2023-03-08,0.33333333333333337,0.9416666666666667,0.575,0.7916666666666666,0.45833333333333326,0.39999999999999997
2023-03-09,0.2916666666666667,0.9416666666666667,0.6166666666666667,0.75,0.475,0.425
2023-03-10,0.30833333333333335,0.9416666666666667,0.5916666666666667,0.7166666666666667,0.4583333333333333,0.4833333333333333
2023-03-13,0.3416666666666667,1.0,0.5583333333333333,0.6416666666666667,0.4583333333333333,0.5
2023-03-14,0.5083333333333333,1.0,0.5416666666666666,0.5666666666666667,0.30833333333333335,0.575
2023-03-15,0.45,1.0,0.6,0.5250000000000001,0.3333333333333333,0.5916666666666667
2023-03-16,0.5583333333333333,1.0,0.575,0.65,0.24999999999999997,0.4666666666666666
2023-03-17,0.5916666666666667,0.9916666666666667,0.48333333333333334,0.65,0.21666666666666665,0.5666666666666667
2023-03-20,0.4833333333333333,0.9916666666666667,0.3166666666666667,0.7583333333333334,0.24166666666666664,0.7083333333333333
2023-03-21,0.44166666666666665,0.9500000000000001,0.2916666666666667,0.8,0.26666666666666666,0.7499999999999999
2023-03-22,0.6416666666666666,0.8250000000000001,0.2333333333333333,0.8750000000000001,0.26666666666666666,0.6583333333333332
2023-03-23,0.6666666666666666,0.8583333333333334,0.2333333333333333,0.8333333333333333,0.26666666666666666,0.6416666666666666
2023-03-24,0.7333333333333333,0.8166666666666667,0.26666666666666666,0.85,0.2333333333333333,0.6
2023-03-27,0.7999999999999999,0.775,0.2833333333333333,0.7833333333333333,0.325,0.5333333333333333
2023-03-28,0.775,0.8583333333333334,0.2583333333333333,0.725,0.39166666666666666,0.49166666666666664
2023-03-29,0.75,0.8416666666666667,0.2833333333333333,0.7666666666666667,0.3666666666666667,0.49166666666666664
2023-03-30,0.7249999999999999,0.8416666666666667,0.3333333333333333,0.8333333333333334,0.2916666666666667,0.475
2023-03-31,0.6916666666666665,0.9166666666666666,0.3333333333333333,0.8333333333333334,0.24999999999999997,0.475
2023-04-03,0.6499999999999999,0.9166666666666666,0.275,0.8750000000000001,0.36666666666666664,0.4166666666666667
2023-04-04,0.75,1.0,0.26666666666666666,0.75,0.41666666666666663,0.31666666666666665
2023-04-05,0.6333333333333333,1.0,0.20833333333333331,0.7333333333333334,0.5166666666666666,0.4083333333333333
2023-04-06,0.6083333333333333,0.9583333333333334,0.20833333333333331,0.7166666666666668,0.6,0.4083333333333333
2023-04-07,0.6083333333333333,0.9,0.21666666666666665,0.7666666666666667,0.5833333333333333,0.425
2023-04-10,0.5583333333333333,0.8333333333333334,0.22499999999999998,0.875,0.5333333333333333,0.475
2023-04-11,0.575,0.8166666666666667,0.20833333333333331,0.9166666666666666,0.5083333333333333,0.475
2023-04-12,0.6166666666666667,0.7166666666666667,0.16666666666666666,0.8583333333333334,0.5666666666666667,0.575
2023-04-13,0.5750000000000001,0.65,0.20833333333333331,0.7999999999999999,0.525,0.7416666666666666
2023-04-14,0.5916666666666667,0.5833333333333334,0.22499999999999998,0.8083333333333333,0.55,0.7416666666666666
2023-04-17,0.6833333333333333,0.5666666666666667,0.21666666666666665,0.6083333333333334,0.5583333333333333,0.8666666666666666
2023-04-18,0.7083333333333333,0.5583333333333333,0.22499999999999998,0.7166666666666668,0.575,0.7166666666666667
2023-04-19,0.6833333333333332,0.575,0.24999999999999997,0.7000000000000001,0.575,0.7166666666666667
2023-04-20,0.7,0.575,0.24999999999999997,0.7166666666666667,0.6,0.6583333333333334
2023-04-21,0.6583333333333333,0.575,0.24999999999999997,0.625,0.625,0.7666666666666666
2023-04-24,0.7000000000000001,0.6416666666666667,0.24999999999999997,0.5583333333333333,0.49166666666666664,0.8583333333333333
2023-04-25,0.7000000000000001,0.6833333333333333,0.2583333333333333,0.4833333333333334,0.5166666666666667,0.8583333333333333
2023-04-26,0.7166666666666667,0.7083333333333334,0.2916666666666667,0.4916666666666667,0.5166666666666667,0.7749999999999999
2023-04-27,0.7166666666666667,0.6666666666666666,0.3666666666666667,0.47500000000000003,0.4749999999999999,0.7999999999999999
2023-04-28,0.6666666666666666,0.8083333333333333,0.4083333333333333,0.45,0.38333333333333336,0.7833333333333333
2023-05-01,0.6083333333333334,0.9166666666666666,0.4083333333333333,0.5000000000000001,0.3083333333333333,0.7583333333333334
2023-05-02,0.6499999999999999,0.875,0.43333333333333335,0.43333333333333335,0.3083333333333333,0.7999999999999999
2023-05-03,0.6666666666666666,0.8333333333333333,0.45000000000000007,0.39166666666666666,0.3333333333333333,0.825
2023-05-04,0.5916666666666667,0.9166666666666666,0.45,0.42500000000000004,0.39999999999999997,0.7166666666666667
2023-05-05,0.42499999999999993,0.8333333333333333,0.35000000000000003,0.5083333333333334,0.5,0.8833333333333333
2023-05-08,0.375,0.7583333333333333,0.43333333333333335,0.5750000000000001,0.5166666666666666,0.8416666666666667
2023-05-09,0.35,0.7916666666666666,0.4916666666666667,0.5833333333333334,0.44166666666666665,0.8416666666666667
2023-05-10,0.3083333333333333,0.6833333333333333,0.475,0.7666666666666667,0.44166666666666665,0.8250000000000001
2023-05-11,0.35,0.65,0.475,0.8083333333333333,0.3916666666666666,0.8250000000000001
2023-05-12,0.39166666666666666,0.7,0.4916666666666667,0.875,0.3333333333333333,0.7083333333333333
2023-05-15,0.3416666666666667,0.7166666666666667,0.6,0.8916666666666667,0.4333333333333333,0.5166666666666667
2023-05-16,0.325,0.75,0.5166666666666666,0.9,0.475,0.5333333333333333
2023-05-17,0.40833333333333327,0.65,0.45000000000000007,0.9416666666666667,0.475,0.575
2023-05-18,0.5,0.5583333333333333,0.45833333333333337,0.9416666666666667,0.39166666666666666,0.65
2023-05-19,0.4916666666666666,0.6,0.525,0.9416666666666667,0.26666666666666666,0.6749999999999999
2023-05-22,0.5916666666666667,0.5166666666666666,0.5,0.9416666666666667,0.27499999999999997,0.6749999999999999
2023-05-23,0.65,0.6166666666666666,0.41666666666666663,0.9333333333333333,0.22499999999999998,0.6583333333333333
2023-05-24,0.7916666666666666,0.6333333333333333,0.39999999999999997,0.7499999999999999,0.22499999999999998,0.7000000000000001
2023-05-25,0.7333333333333334,0.6749999999999999,0.2916666666666667,0.7333333333333333,0.29166666666666663,0.775
2023-05-26,0.8333333333333333,0.675,0.20833333333333331,0.6749999999999999,0.32499999999999996,0.7833333333333334
2023-05-29,0.8583333333333334,0.7,0.16666666666666666,0.5499999999999999,0.36666666666666664,0.8583333333333333
2023-05-30,0.8333333333333333,0.5916666666666668,0.22499999999999998,0.35833333333333334,0.625,0.8666666666666667
2023-05-31,0.725,0.49166666666666664,0.20833333333333331,0.4166666666666667,0.6583333333333333,1.0
2023-06-01,0.725,0.5083333333333333,0.20833333333333331,0.4,0.6749999999999999,0.9833333333333334
2023-06-02,0.725,0.5333333333333333,0.21666666666666665,0.3666666666666667,0.7416666666666666,0.9166666666666667
2023-06-05,0.725,0.475,0.21666666666666665,0.42500000000000004,0.7416666666666666,0.9166666666666667
2023-06-06,0.8416666666666667,0.5583333333333333,0.22499999999999998,0.3333333333333333,0.7416666666666666,0.8
2023-06-07,0.9333333333333333,0.6,0.22499999999999998,0.3333333333333333,0.675,0.7333333333333333
2023-06-08,0.9166666666666667,0.6,0.24999999999999997,0.3083333333333333,0.6666666666666666,0.7583333333333334
2023-06-09,0.9166666666666667,0.5416666666666666,0.24166666666666664,0.375,0.6916666666666667,0.7333333333333333
2023-06-12,0.9166666666666667,0.6166666666666666,0.31666666666666665,0.2833333333333333,0.6666666666666666,0.7000000000000001
2023-06-13,0.9166666666666667,0.5833333333333333,0.26666666666666666,0.32499999999999996,0.75,0.6583333333333333
2023-06-14,0.8416666666666667,0.6,0.20833333333333331,0.29166666666666663,0.6916666666666665,0.8666666666666667
2023-06-15,0.8083333333333332,0.5833333333333334,0.20833333333333331,0.29166666666666663,0.7916666666666666,0.8166666666666667
2023-06-16,0.7083333333333334,0.6166666666666667,0.20833333333333331,0.29166666666666663,0.8833333333333333,0.7916666666666666
2023-06-19,0.5916666666666667,0.6083333333333333,0.22499999999999998,0.32499999999999996,0.9166666666666666,0.8333333333333334
2023-06-20,0.6666666666666666,0.4583333333333333,0.2,0.42499999999999993,0.9,0.85
2023-06-21,0.5916666666666667,0.3333333333333333,0.38333333333333336,0.39999999999999997,0.8750000000000001,0.9166666666666666
2023-06-22,0.65,0.32499999999999996,0.38333333333333336,0.3916666666666666,0.9416666666666667,0.8083333333333333
2023-06-23,0.5750000000000001,0.31666666666666665,0.475,0.4666666666666666,0.9,0.7666666666666667
2023-06-26,0.5666666666666667,0.325,0.55,0.39166666666666666,0.9,0.7666666666666667
2023-06-27,0.5833333333333334,0.3416666666666667,0.55,0.27499999999999997,0.8916666666666667,0.8583333333333333
2023-06-28,0.5333333333333333,0.26666666666666666,0.45,0.5,0.8583333333333334,0.8916666666666666
2023-06-29,0.49999999999999994,0.26666666666666666,0.5833333333333334,0.5333333333333333,0.8833333333333334,0.7333333333333334
2023-06-30,0.5333333333333333,0.3,0.5416666666666666,0.6,0.8583333333333333,0.6666666666666666
2023-07-03,0.39166666666666666,0.5166666666666666,0.5666666666666667,0.5750000000000001,0.8583333333333333,0.5916666666666667
2023-07-04,0.325,0.48333333333333334,0.625,0.6166666666666667,0.85,0.6
2023-07-05,0.3833333333333333,0.45833333333333326,0.6333333333333333,0.6416666666666666,0.7833333333333333,0.6
2023-07-06,0.3833333333333333,0.41666666666666663,0.6333333333333333,0.6416666666666666,0.7833333333333333,0.6416666666666667
2023-07-07,0.325,0.41666666666666663,0.48333333333333334,0.8333333333333333,0.7416666666666668,0.7000000000000001
2023-07-10,0.3833333333333333,0.31666666666666665,0.6499999999999999,0.5666666666666667,0.7750000000000001,0.8083333333333333
2023-07-11,0.3,0.19999999999999998,0.6666666666666666,0.6666666666666665,0.8,0.8666666666666666
2023-07-12,0.21666666666666665,0.2833333333333333,0.6499999999999999,0.6833333333333333,0.8166666666666667,0.85
2023-07-13,0.20833333333333331,0.29166666666666663,0.6083333333333333,0.8583333333333333,0.7750000000000001,0.7583333333333333
2023-07-14,0.24999999999999997,0.35,0.55,0.825,0.9083333333333333,0.6166666666666667
2023-07-17,0.20833333333333331,0.49166666666666664,0.6583333333333333,0.6916666666666665,0.9166666666666666,0.5333333333333334
2023-07-18,0.20833333333333331,0.49166666666666664,0.55,0.7333333333333334,0.8583333333333333,0.6583333333333333
2023-07-19,0.16666666666666666,0.37499999999999994,0.5833333333333334,0.7499999999999999,0.8416666666666667,0.7833333333333333
2023-07-20,0.21666666666666665,0.2833333333333333,0.7999999999999999,0.5833333333333334,0.9083333333333333,0.7083333333333333
2023-07-21,0.21666666666666665,0.2833333333333333,0.8583333333333333,0.5,0.8583333333333333,0.7833333333333333
2023-07-24,0.22499999999999998,0.27499999999999997,0.8166666666666667,0.5,0.9,0.7833333333333333
2023-07-25,0.27499999999999997,0.22499999999999998,0.7999999999999999,0.6,0.8333333333333334,0.7666666666666666
2023-07-26,0.3916666666666666,0.16666666666666666,0.7416666666666667,0.725,0.9166666666666666,0.5583333333333333
2023-07-27,0.3916666666666666,0.175,0.7999999999999999,0.7083333333333333,0.875,0.55
2023-07-28,0.45833333333333326,0.21666666666666665,0.7416666666666667,0.7999999999999999,0.8583333333333334,0.42500000000000004
2023-07-31,0.5083333333333333,0.21666666666666665,0.8,0.7916666666666666,0.8166666666666667,0.3666666666666667
2023-08-01,0.5333333333333333,0.22499999999999998,0.7416666666666667,0.8083333333333332,0.8,0.39166666666666666
2023-08-02,0.5583333333333333,0.21666666666666665,0.8,0.7666666666666667,0.8166666666666667,0.3416666666666667
2023-08-03,0.6249999999999999,0.24166666666666664,0.7083333333333333,0.825,0.7000000000000001,0.4
2023-08-04,0.7166666666666666,0.22499999999999998,0.65,0.8750000000000001,0.6666666666666667,0.36666666666666664
2023-08-07,0.7583333333333333,0.2583333333333333,0.725,0.8166666666666667,0.6583333333333333,0.2833333333333333
2023-08-08,0.525,0.26666666666666666,0.8250000000000001,0.8916666666666667,0.625,0.36666666666666664
2023-08-09,0.6416666666666666,0.325,0.5833333333333334,0.9416666666666667,0.6416666666666666,0.36666666666666664
2023-08-10,0.6666666666666666,0.3416666666666667,0.48333333333333334,0.9416666666666667,0.6583333333333333,0.4083333333333333
2023-08-11,0.6833333333333332,0.44166666666666665,0.4916666666666667,0.7916666666666666,0.6333333333333333,0.45833333333333337
2023-08-14,0.5583333333333333,0.5583333333333333,0.3333333333333333,0.8250000000000001,0.75,0.47500000000000003
2023-08-15,0.41666666666666663,0.5916666666666667,0.4833333333333333,0.9,0.7666666666666666,0.3416666666666667
2023-08-16,0.45833333333333326,0.5916666666666667,0.475,0.9,0.6833333333333333,0.39166666666666666
2023-08-17,0.5333333333333333,0.6083333333333333,0.425,0.8833333333333334,0.7083333333333333,0.3416666666666667
2023-08-18,0.49999999999999994,0.6,0.3833333333333333,0.8916666666666667,0.7083333333333334,0.41666666666666663
2023-08-21,0.3833333333333333,0.675,0.3333333333333333,0.9,0.75,0.4583333333333333
2023-08-22,0.425,0.6166666666666667,0.36666666666666664,0.9,0.725,0.4666666666666666
2023-08-23,0.3416666666666667,0.7000000000000001,0.2833333333333333,0.9,0.6833333333333333,0.5916666666666667
2023-08-24,0.3833333333333333,0.7166666666666667,0.2916666666666667,0.8833333333333334,0.6083333333333333,0.6166666666666667
2023-08-25,0.3583333333333333,0.7,0.3,0.8,0.575,0.7666666666666666
2023-08-28,0.44999999999999996,0.8166666666666667,0.22499999999999998,0.7583333333333334,0.6166666666666666,0.6333333333333334
2023-08-29,0.5499999999999999,0.6833333333333333,0.3416666666666667,0.6583333333333333,0.6499999999999999,0.6166666666666667
2023-08-30,0.6583333333333333,0.5166666666666667,0.35833333333333334,0.6666666666666667,0.6666666666666665,0.6333333333333334
2023-08-31,0.39999999999999997,0.6666666666666666,0.39999999999999997,0.6000000000000001,0.7916666666666666,0.6416666666666667
2023-09-01,0.3,0.6833333333333333,0.39999999999999997,0.7166666666666667,0.725,0.6749999999999999
2023-09-04,0.27499999999999997,0.7,0.425,0.7166666666666667,0.7,0.6833333333333332
2023-09-05,0.20833333333333331,0.625,0.49166666666666664,0.775,0.7,0.6999999999999998
2023-09-06,0.19166666666666665,0.6583333333333333,0.4666666666666667,0.8166666666666668,0.7416666666666667,0.625
2023-09-07,0.2583333333333333,0.7083333333333334,0.5499999999999999,0.9083333333333333,0.625,0.45
2023-09-08,0.16666666666666666,0.825,0.6666666666666665,0.8,0.625,0.41666666666666663
2023-09-11,0.16666666666666666,0.7,0.7499999999999999,0.9083333333333333,0.6000000000000001,0.37499999999999994
2023-09-12,0.2333333333333333,0.7666666666666667,0.7833333333333332,0.75,0.7,0.26666666666666666
2023-09-13,0.27499999999999997,0.6583333333333333,0.725,0.8166666666666667,0.7999999999999999,0.22499999999999998
2023-09-14,0.31666666666666665,0.5666666666666667,0.7666666666666666,0.6666666666666666,0.9583333333333334,0.22499999999999998
2023-09-15,0.3583333333333333,0.525,0.7749999999999999,0.725,0.8916666666666667,0.22499999999999998
2023-09-18,0.2916666666666667,0.44999999999999996,0.6333333333333334,0.85,0.8583333333333334,0.41666666666666663
2023-09-19,0.24999999999999997,0.4083333333333333,0.7249999999999999,0.8916666666666666,0.8583333333333334,0.36666666666666664
2023-09-20,0.39999999999999997,0.3833333333333333,0.7083333333333333,0.9083333333333333,0.8166666666666667,0.2833333333333333
2023-09-21,0.5166666666666667,0.4083333333333333,0.6333333333333334,0.775,0.8583333333333334,0.30833333333333335
2023-09-22,0.45833333333333337,0.4083333333333333,0.6916666666666668,0.8333333333333334,0.7416666666666666,0.3666666666666667
2023-09-25,0.5416666666666666,0.4666666666666667,0.6166666666666667,0.8833333333333333,0.6583333333333332,0.33333333333333337
2023-09-26,0.65,0.44166666666666665,0.6166666666666667,0.925,0.6583333333333332,0.20833333333333331
2023-09-27,0.48333333333333334,0.425,0.4083333333333333,0.9083333333333333,0.8416666666666667,0.4333333333333333
2023-09-28,0.4833333333333333,0.5916666666666666,0.2833333333333333,0.925,0.9,0.31666666666666665
2023-09-29,0.5833333333333334,0.49999999999999994,0.16666666666666666,0.9583333333333334,0.875,0.41666666666666663
2023-10-02,0.6583333333333333,0.4833333333333333,0.16666666666666666,1.0,0.8166666666666667,0.37499999999999994
2023-10-03,0.6749999999999999,0.5583333333333333,0.16666666666666666,0.9,0.8666666666666667,0.3333333333333333
2023-10-04,0.5583333333333333,0.7083333333333333,0.22499999999999998,0.7916666666666666,0.9416666666666668,0.27499999999999997
2023-10-05,0.6,0.6416666666666667,0.24166666666666664,0.8166666666666667,0.9416666666666667,0.2583333333333333
2023-10-06,0.6833333333333333,0.48333333333333334,0.2833333333333333,1.0,0.8166666666666667,0.2333333333333333
2023-10-09,0.6833333333333333,0.41666666666666663,0.26666666666666666,0.9833333333333334,0.8333333333333334,0.31666666666666665
2023-10-10,0.7666666666666666,0.24999999999999997,0.5,0.9833333333333334,0.75,0.24999999999999997
2023-10-11,0.75,0.24999999999999997,0.5,0.9833333333333334,0.7666666666666667,0.24999999999999997
2023-10-12,0.8083333333333333,0.24999999999999997,0.5833333333333334,0.9833333333333334,0.625,0.24999999999999997
2023-10-13,0.8083333333333333,0.22499999999999998,0.6,0.9833333333333334,0.5499999999999999,0.3333333333333333
2023-10-16,0.6916666666666668,0.22499999999999998,0.55,1.0,0.575,0.45833333333333337
2023-10-17,0.7166666666666668,0.3,0.5333333333333333,0.8833333333333333,0.4833333333333333,0.5833333333333334
2023-10-18,0.6666666666666667,0.2833333333333333,0.6083333333333333,0.8833333333333333,0.49999999999999994,0.5583333333333333
2023-10-19,0.575,0.2833333333333333,0.6499999999999999,0.8833333333333333,0.5666666666666667,0.5416666666666666
2023-10-20,0.6416666666666667,0.2916666666666667,0.6749999999999999,0.8833333333333333,0.4666666666666667,0.5416666666666666
2023-10-23,0.6666666666666666,0.41666666666666663,0.7,0.8166666666666667,0.35833333333333334,0.5416666666666666
2023-10-24,0.5833333333333333,0.5666666666666668,0.7416666666666666,0.775,0.3333333333333333,0.5
2023-10-25,0.44999999999999996,0.5833333333333334,0.5333333333333333,0.8250000000000001,0.4,0.7083333333333334
2023-10-26,0.5916666666666667,0.5583333333333335,0.5083333333333334,0.8166666666666668,0.3833333333333333,0.6416666666666666
2023-10-27,0.5583333333333332,0.5916666666666668,0.44166666666666665,0.7583333333333333,0.4833333333333333,0.6666666666666666
2023-10-30,0.4916666666666666,0.4833333333333334,0.5083333333333334,0.775,0.5416666666666666,0.7000000000000001
2023-10-31,0.5499999999999999,0.44166666666666665,0.5,0.7,0.5083333333333333,0.7999999999999999
2023-11-01,0.6333333333333333,0.44166666666666665,0.575,0.575,0.5083333333333333,0.7666666666666666
2023-11-02,0.5333333333333333,0.5583333333333333,0.6,0.5666666666666667,0.35833333333333334,0.8833333333333333
2023-11-03,0.6916666666666667,0.44166666666666665,0.5416666666666666,0.5333333333333333,0.5666666666666667,0.725
2023-11-06,0.6083333333333333,0.27499999999999997,0.5416666666666666,0.5166666666666666,0.6916666666666665,0.8666666666666667
2023-11-07,0.6499999999999999,0.29166666666666663,0.49166666666666664,0.5333333333333333,0.65,0.8833333333333333
2023-11-08,0.6749999999999999,0.20833333333333331,0.425,0.5416666666666666,0.7833333333333333,0.8666666666666667
2023-11-09,0.7583333333333333,0.20833333333333331,0.4666666666666666,0.525,0.7333333333333333,0.8083333333333333
2023-11-10,0.7749999999999999,0.22499999999999998,0.6666666666666667,0.525,0.7999999999999999,0.5083333333333333
2023-11-13,0.8,0.3416666666666667,0.4166666666666667,0.45833333333333337,0.975,0.5083333333333333
2023-11-14,0.775,0.30833333333333335,0.3583333333333333,0.5333333333333334,1.0,0.5249999999999999
2023-11-15,0.8416666666666667,0.325,0.39999999999999997,0.7,0.8750000000000001,0.35833333333333334
2023-11-16,0.8250000000000001,0.35,0.3583333333333333,0.7916666666666666,0.8416666666666666,0.3333333333333333
2023-11-17,0.8583333333333333,0.39166666666666666,0.4333333333333333,0.7916666666666666,0.7,0.32499999999999996
2023-11-20,1.0,0.2916666666666667,0.4583333333333333,0.49166666666666664,0.7833333333333333,0.475
2023-11-21,1.0,0.30000000000000004,0.5833333333333334,0.3416666666666667,0.7583333333333333,0.5166666666666666
2023-11-22,1.0,0.325,0.48333333333333334,0.39166666666666666,0.7666666666666666,0.5333333333333333
2023-11-23,1.0,0.42500000000000004,0.5499999999999999,0.36666666666666664,0.6416666666666666,0.5166666666666666
2023-11-24,1.0,0.4750000000000001,0.6166666666666667,0.375,0.6083333333333333,0.42499999999999993
2023-11-27,0.9583333333333334,0.5166666666666667,0.6583333333333333,0.525,0.5416666666666666,0.3
2023-11-28,0.9583333333333334,0.4666666666666667,0.5666666666666667,0.4666666666666667,0.6249999999999999,0.41666666666666663
2023-11-29,0.9416666666666668,0.45,0.5499999999999999,0.36666666666666664,0.6416666666666666,0.5499999999999999
2023-11-30,0.9583333333333334,0.425,0.39999999999999997,0.4333333333333333,0.7083333333333334,0.575
2023-12-01,0.9,0.475,0.27499999999999997,0.44999999999999996,0.6666666666666666,0.7333333333333333
2023-12-04,0.9166666666666666,0.49999999999999994,0.29166666666666663,0.4083333333333333,0.6666666666666666,0.7166666666666667
2023-12-05,0.9083333333333333,0.475,0.27499999999999997,0.3916666666666666,0.7333333333333334,0.7166666666666667
2023-12-06,0.8666666666666667,0.5083333333333333,0.22499999999999998,0.44999999999999996,0.8,0.6499999999999999
2023-12-07,0.9083333333333333,0.575,0.2333333333333333,0.3833333333333333,0.8166666666666667,0.5833333333333334
2023-12-08,0.9,0.5833333333333334,0.26666666666666666,0.425,0.8166666666666667,0.5083333333333333
2023-12-11,0.9583333333333334,0.5416666666666666,0.29166666666666663,0.325,0.775,0.6083333333333334
2023-12-12,0.9416666666666668,0.6583333333333333,0.4583333333333333,0.2916666666666667,0.7083333333333334,0.44166666666666665
2023-12-13,0.7999999999999999,0.6333333333333333,0.4583333333333333,0.35833333333333334,0.8583333333333334,0.39166666666666666
2023-12-14,0.8166666666666667,0.6,0.45833333333333326,0.39999999999999997,0.8666666666666667,0.35833333333333334
2023-12-15,0.7583333333333334,0.7416666666666666,0.3333333333333333,0.5666666666666667,0.7666666666666666,0.3333333333333333
2023-12-18,0.7583333333333334,0.7416666666666666,0.31666666666666665,0.6749999999999999,0.725,0.2833333333333333
2023-12-19,0.7916666666666667,0.7999999999999999,0.39999999999999997,0.6333333333333333,0.6499999999999999,0.22499999999999998
2023-12-20,0.8083333333333333,0.7833333333333333,0.44166666666666665,0.6166666666666667,0.6833333333333332,0.16666666666666666
2023-12-21,0.8333333333333334,0.5666666666666667,0.4749999999999999,0.7166666666666667,0.6833333333333332,0.22499999999999998
2023-12-22,0.8166666666666668,0.5,0.5916666666666667,0.65,0.7166666666666668,0.22499999999999998
2023-12-25,0.8166666666666668,0.3833333333333333,0.7666666666666666,0.6000000000000001,0.7083333333333333,0.22499999999999998
2023-12-26,0.8,0.36666666666666664,0.8500000000000001,0.5333333333333333,0.725,0.22499999999999998
2023-12-27,0.8416666666666667,0.2583333333333333,0.7000000000000001,0.7249999999999999,0.7333333333333333,0.24166666666666664
2023-12-28,0.8416666666666667,0.3,0.8666666666666667,0.5583333333333335,0.7083333333333334,0.22499999999999998
2023-12-29,0.8583333333333334,0.2583333333333333,0.8333333333333334,0.5833333333333334,0.725,0.24166666666666664
2024-01-01,0.8666666666666667,0.26666666666666666,0.8583333333333334,0.5833333333333334,0.6916666666666667,0.2333333333333333
2024-01-02,0.8166666666666667,0.21666666666666665,0.9166666666666666,0.6416666666666666,0.625,0.2833333333333333
2024-01-03,0.8333333333333334,0.21666666666666665,0.9166666666666666,0.5416666666666667,0.65,0.3416666666666667
2024-01-04,0.7416666666666667,0.19166666666666665,0.9,0.5416666666666667,0.6083333333333334,0.5166666666666666
2024-01-05,0.7166666666666667,0.25,0.8416666666666667,0.6,0.475,0.6166666666666667
2024-01-08,0.6583333333333333,0.35,0.8416666666666667,0.5416666666666666,0.4333333333333333,0.675
2024-01-09,0.7166666666666667,0.4833333333333333,0.8583333333333334,0.39999999999999997,0.2833333333333333,0.7583333333333333
2024-01-10,0.7166666666666667,0.35833333333333334,0.8916666666666667,0.575,0.3083333333333333,0.65
2024-01-11,0.6416666666666666,0.5416666666666666,0.875,0.425,0.2833333333333333,0.7333333333333334
2024-01-12,0.6416666666666666,0.5166666666666666,0.8833333333333334,0.44999999999999996,0.3416666666666667,0.6666666666666667
2024-01-15,0.6416666666666666,0.5166666666666667,0.9,0.5333333333333333,0.3416666666666667,0.5666666666666668
2024-01-16,0.6666666666666666,0.41666666666666663,0.8666666666666667,0.5499999999999999,0.3416666666666667,0.6583333333333333
2024-01-17,0.6416666666666666,0.44999999999999996,0.825,0.6083333333333333,0.3416666666666667,0.6333333333333333
2024-01-18,0.5583333333333333,0.3833333333333333,0.8416666666666667,0.7166666666666667,0.2333333333333333,0.7666666666666666
2024-01-19,0.55,0.4666666666666667,0.8,0.8166666666666667,0.3,0.5666666666666667
2024-01-22,0.5666666666666667,0.41666666666666663,0.7833333333333334,0.8166666666666667,0.2833333333333333,0.6333333333333333
2024-01-23,0.6166666666666666,0.3333333333333333,0.7916666666666667,0.8833333333333333,0.22499999999999998,0.6499999999999999
2024-01-24,0.6333333333333333,0.45833333333333337,0.7333333333333334,0.8833333333333333,0.22499999999999998,0.5666666666666667
2024-01-25,0.7833333333333333,0.43333333333333335,0.55,0.9416666666666667,0.375,0.4166666666666667
2024-01-26,0.6333333333333332,0.26666666666666666,0.5916666666666666,0.9416666666666667,0.5499999999999999,0.5166666666666667
2024-01-29,0.7833333333333332,0.325,0.3833333333333333,0.9333333333333333,0.7333333333333333,0.3416666666666666
2024-01-30,0.825,0.3166666666666667,0.39166666666666666,0.925,0.725,0.31666666666666665
2024-01-31,0.8666666666666666,0.325,0.425,0.925,0.6833333333333332,0.27499999999999997
2024-02-01,0.85,0.36666666666666664,0.3916666666666667,0.9416666666666667,0.7083333333333333,0.24166666666666664
2024-02-02,0.7833333333333332,0.3166666666666667,0.3666666666666667,0.925,0.7916666666666666,0.31666666666666665
2024-02-05,0.7999999999999999,0.45,0.27499999999999997,0.8416666666666667,0.8583333333333333,0.27499999999999997
2024-02-06,0.9,0.30833333333333335,0.4166666666666667,0.775,0.825,0.27499999999999997
2024-02-07,0.9333333333333333,0.35000000000000003,0.4583333333333333,0.7166666666666667,0.7666666666666666,0.27499999999999997
2024-02-08,0.9333333333333333,0.39166666666666666,0.6,0.6333333333333334,0.7083333333333334,0.2333333333333333
2024-02-09,0.9333333333333333,0.4749999999999999,0.4333333333333333,0.6333333333333334,0.7333333333333334,0.2916666666666667
2024-02-12,0.8916666666666667,0.4083333333333333,0.4333333333333333,0.6166666666666667,0.7749999999999999,0.37499999999999994
2024-02-13,0.8833333333333333,0.49166666666666664,0.325,0.6416666666666667,0.7333333333333333,0.425
2024-02-14,0.85,0.47500000000000003,0.475,0.7,0.3916666666666666,0.6083333333333333
2024-02-15,0.85,0.6333333333333333,0.44999999999999996,0.7,0.30833333333333335,0.5583333333333333
2024-02-16,0.8916666666666666,0.5833333333333334,0.36666666666666664,0.6583333333333334,0.4083333333333333,0.5916666666666667
2024-02-19,0.8916666666666666,0.4666666666666667,0.42499999999999993,0.6583333333333334,0.4666666666666667,0.5916666666666667
2024-02-20,0.8583333333333333,0.6,0.44999999999999996,0.725,0.30833333333333335,0.5583333333333333
2024-02-21,0.8083333333333333,0.6,0.22499999999999998,0.8583333333333334,0.44999999999999996,0.5583333333333333
2024-02-22,0.7916666666666667,0.39999999999999997,0.4083333333333333,1.0,0.325,0.5750000000000001
2024-02-23,0.8166666666666667,0.5499999999999999,0.22499999999999998,1.0,0.475,0.4333333333333333
2024-02-26,0.7583333333333334,0.425,0.2333333333333333,1.0,0.5333333333333333,0.55
2024-02-27,0.6916666666666668,0.6333333333333333,0.2333333333333333,1.0,0.40833333333333327,0.5333333333333333
2024-02-28,0.7166666666666667,0.6666666666666666,0.24166666666666664,1.0,0.5499999999999999,0.32499999999999996
2024-02-29,0.625,0.48333333333333334,0.31666666666666665,1.0,0.6,0.475
2024-03-01,0.5416666666666667,0.4416666666666666,0.375,1.0,0.5416666666666666,0.6
2024-03-04,0.44166666666666665,0.39166666666666666,0.45833333333333337,1.0,0.6083333333333333,0.6
2024-03-05,0.2583333333333333,0.33333333333333337,0.5416666666666667,1.0,0.5916666666666667,0.775
2024-03-06,0.16666666666666666,0.3833333333333333,0.5666666666666668,1.0,0.6083333333333333,0.775
2024-03-07,0.24166666666666664,0.2583333333333333,0.7416666666666666,1.0,0.5833333333333334,0.675
2024-03-08,0.24999999999999997,0.3416666666666667,0.44999999999999996,0.9916666666666667,0.625,0.8416666666666667
2024-03-11,0.5166666666666667,0.2583333333333333,0.44166666666666665,0.9666666666666667,0.525,0.7916666666666666
2024-03-12,0.35,0.36666666666666664,0.425,0.9416666666666668,0.5249999999999999,0.8916666666666667
2024-03-13,0.425,0.4916666666666666,0.33333333333333337,0.9416666666666668,0.4166666666666667,0.8916666666666667
2024-03-14,0.44999999999999996,0.575,0.2833333333333333,0.875,0.49999999999999994,0.8166666666666667
2024-03-15,0.4333333333333333,0.4666666666666667,0.26666666666666666,0.775,0.7249999999999999,0.8333333333333333
2024-03-18,0.3583333333333333,0.4666666666666667,0.39999999999999997,0.7583333333333333,0.625,0.8916666666666667
2024-03-19,0.4583333333333333,0.31666666666666665,0.44166666666666665,0.7,0.6749999999999999,0.9083333333333333
2024-03-20,0.49166666666666664,0.39999999999999997,0.26666666666666666,0.65,0.7583333333333333,0.9333333333333333
2024-03-21,0.3916666666666666,0.5583333333333333,0.20833333333333331,0.6749999999999999,0.725,0.9416666666666667
2024-03-22,0.20833333333333331,0.6833333333333332,0.37499999999999994,0.6916666666666667,0.6166666666666666,0.925
2024-03-25,0.20833333333333331,0.7416666666666666,0.41666666666666663,0.7166666666666667,0.5333333333333333,0.8833333333333333
2024-03-26,0.20833333333333331,0.7333333333333333,0.4333333333333333,0.6749999999999999,0.5416666666666667,0.9083333333333333
2024-03-27,0.20833333333333331,0.65,0.5083333333333333,0.6749999999999999,0.5333333333333333,0.925
2024-03-28,0.20833333333333331,0.6833333333333333,0.4583333333333333,0.725,0.5,0.925
2024-03-29,0.22499999999999998,0.6916666666666667,0.3583333333333333,0.775,0.5166666666666667,0.9333333333333333
2024-04-01,0.22499999999999998,0.7166666666666666,0.3583333333333333,0.7583333333333333,0.525,0.9166666666666667
2024-04-02,0.22499999999999998,0.775,0.37499999999999994,0.6666666666666666,0.5166666666666667,0.9416666666666667
2024-04-03,0.26666666666666666,0.775,0.37499999999999994,0.625,0.5166666666666667,0.9416666666666667
2024-04-04,0.26666666666666666,0.75,0.3583333333333333,0.6833333333333333,0.5,0.9416666666666667
2024-04-05,0.26666666666666666,0.75,0.37499999999999994,0.6833333333333333,0.48333333333333334,0.9416666666666667
2024-04-08,0.26666666666666666,0.7916666666666666,0.3583333333333333,0.6583333333333333,0.5,0.925
2024-04-09,0.325,0.7333333333333333,0.2583333333333333,0.6583333333333333,0.6,0.925
2024-04-10,0.26666666666666666,0.8166666666666667,0.3583333333333333,0.675,0.5,0.8833333333333334
2024-04-11,0.24999999999999997,0.775,0.5083333333333333,0.6833333333333333,0.375,0.9083333333333333
2024-04-12,0.20833333333333331,0.7166666666666666,0.6000000000000001,0.575,0.5,0.9
2024-04-15,0.22499999999999998,0.7166666666666666,0.6333333333333333,0.5583333333333333,0.475,0.8916666666666667
2024-04-16,0.3416666666666667,0.4666666666666666,0.5666666666666667,0.5083333333333333,0.7916666666666666,0.825
2024-04-17,0.35000000000000003,0.5333333333333333,0.49999999999999994,0.5499999999999999,0.75,0.8166666666666667
2024-04-18,0.425,0.4749999999999999,0.4333333333333333,0.5166666666666667,0.7833333333333333,0.8666666666666667
2024-04-19,0.3666666666666667,0.39999999999999997,0.4833333333333333,0.6,0.7916666666666666,0.8583333333333334
2024-04-22,0.4083333333333333,0.375,0.4666666666666666,0.6,0.775,0.875
2024-04-23,0.36666666666666664,0.3916666666666666,0.625,0.5416666666666667,0.8166666666666667,0.7583333333333334
2024-04-24,0.475,0.3916666666666666,0.575,0.5333333333333333,0.7833333333333333,0.7416666666666667
2024-04-25,0.5166666666666667,0.41666666666666663,0.575,0.42500000000000004,0.7,0.8666666666666667
2024-04-26,0.4916666666666667,0.35,0.5666666666666667,0.5166666666666667,0.7333333333333333,0.8416666666666667
2024-04-29,0.42500000000000004,0.3083333333333333,0.5666666666666667,0.6083333333333333,0.7499999999999999,0.8416666666666667
2024-04-30,0.44999999999999996,0.2833333333333333,0.5499999999999999,0.65,0.6916666666666667,0.875
2024-05-01,0.375,0.3083333333333333,0.5666666666666667,0.7083333333333333,0.7416666666666666,0.8
2024-05-02,0.43333333333333335,0.3,0.3833333333333333,0.75,0.8333333333333333,0.8
2024-05-03,0.4916666666666667,0.325,0.39999999999999997,0.8083333333333332,0.7583333333333333,0.7166666666666667
2024-05-06,0.4666666666666666,0.3416666666666667,0.3916666666666666,0.8583333333333334,0.8333333333333334,0.6083333333333334
2024-05-07,0.41666666666666663,0.4666666666666667,0.325,0.8166666666666668,0.8416666666666667,0.6333333333333334
2024-05-08,0.43333333333333335,0.4583333333333333,0.26666666666666666,0.8583333333333334,0.8333333333333334,0.65
2024-05-09,0.4583333333333333,0.49166666666666664,0.26666666666666666,0.8250000000000001,0.8333333333333334,0.625
2024-05-10,0.5416666666666666,0.44166666666666665,0.3083333333333333,0.7083333333333334,0.8333333333333334,0.6666666666666667
2024-05-13,0.49999999999999994,0.5166666666666667,0.30833333333333335,0.5333333333333334,0.9333333333333333,0.7083333333333334
2024-05-14,0.4333333333333333,0.65,0.5249999999999999,0.3833333333333333,0.9083333333333333,0.6
2024-05-15,0.4333333333333333,0.44999999999999996,0.5583333333333333,0.40833333333333327,0.9083333333333333,0.7416666666666666
2024-05-16,0.29166666666666663,0.6666666666666666,0.4833333333333333,0.3666666666666667,0.9083333333333333,0.7833333333333333
2024-05-17,0.26666666666666666,0.7249999999999999,0.4833333333333333,0.39166666666666666,0.8666666666666667,0.7666666666666667
2024-05-20,0.31666666666666665,0.75,0.26666666666666666,0.475,0.75,0.9416666666666668
2024-05-21,0.31666666666666665,0.7,0.22499999999999998,0.5166666666666666,0.75,0.9916666666666667
2024-05-22,0.20833333333333331,0.6666666666666666,0.29166666666666663,0.5583333333333333,0.775,1.0
2024-05-23,0.20833333333333331,0.6,0.29166666666666663,0.65,0.7500000000000001,1.0
2024-05-24,0.27499999999999997,0.6166666666666667,0.22499999999999998,0.6666666666666666,0.8166666666666667,0.9
2024-05-27,0.29166666666666663,0.7083333333333333,0.22499999999999998,0.6416666666666666,0.8,0.8333333333333334
2024-05-28,0.36666666666666664,0.55,0.22499999999999998,0.8083333333333332,0.7583333333333334,0.7916666666666666
2024-05-29,0.525,0.5333333333333333,0.16666666666666666,0.8083333333333332,0.8,0.6666666666666666
2024-05-30,0.5666666666666667,0.4916666666666666,0.16666666666666666,0.8083333333333332,0.8,0.6666666666666666
2024-05-31,0.525,0.45833333333333326,0.22499999999999998,0.8083333333333332,0.8,0.6833333333333333
2024-06-03,0.5416666666666667,0.3916666666666666,0.20833333333333331,0.7999999999999999,0.85,0.7083333333333334
2024-06-04,0.5583333333333333,0.2833333333333333,0.31666666666666665,0.7499999999999999,0.8583333333333333,0.7333333333333334
2024-06-05,0.5416666666666666,0.325,0.37499999999999994,0.75,0.8583333333333333,0.65
2024-06-06,0.44166666666666665,0.2833333333333333,0.6166666666666667,0.5666666666666667,0.8416666666666667,0.75
2024-06-07,0.39999999999999997,0.3,0.6166666666666667,0.5083333333333333,0.8833333333333334,0.7916666666666666
2024-06-10,0.6833333333333332,0.26666666666666666,0.4916666666666667,0.4583333333333333,0.825,0.775
2024-06-11,0.625,0.40833333333333327,0.375,0.4583333333333333,0.8416666666666667,0.7916666666666666
2024-06-12,0.7083333333333333,0.3166666666666667,0.41666666666666663,0.49166666666666664,0.7583333333333334,0.8083333333333333
2024-06-13,0.5833333333333333,0.375,0.44999999999999996,0.5916666666666667,0.8583333333333333,0.6416666666666667
2024-06-14,0.4666666666666667,0.3416666666666667,0.5166666666666667,0.6916666666666667,0.8583333333333333,0.625
2024-06-17,0.425,0.2833333333333333,0.5333333333333333,0.6916666666666667,1.0,0.5666666666666667
2024-06-18,0.5916666666666667,0.22499999999999998,0.4749999999999999,0.6916666666666667,1.0,0.5166666666666667
2024-06-19,0.7166666666666667,0.20833333333333331,0.4333333333333333,0.5416666666666666,1.0,0.6
2024-06-20,0.675,0.2583333333333333,0.5416666666666666,0.4666666666666667,1.0,0.5583333333333335
2024-06-21,0.625,0.24999999999999997,0.5166666666666667,0.475,1.0,0.6333333333333334
2024-06-24,0.7,0.20833333333333331,0.475,0.4,0.9666666666666667,0.7500000000000001
2024-06-25,0.7,0.20833333333333331,0.49999999999999994,0.4166666666666667,0.925,0.7500000000000001
2024-06-26,0.7,0.20833333333333331,0.475,0.4,0.8416666666666667,0.8750000000000001
2024-06-27,0.7166666666666666,0.16666666666666666,0.5416666666666667,0.4333333333333333,0.8083333333333333,0.8333333333333333
2024-06-28,0.7666666666666666,0.16666666666666666,0.5583333333333333,0.5416666666666666,0.7416666666666667,0.7250000000000001
2024-07-01,0.7,0.20833333333333331,0.7083333333333333,0.5166666666666666,0.5499999999999999,0.8166666666666667
2024-07-02,0.5416666666666666,0.20833333333333331,0.7416666666666666,0.6583333333333333,0.65,0.7000000000000001
2024-07-03,0.575,0.20833333333333331,0.7583333333333333,0.725,0.575,0.6583333333333333
2024-07-04,0.40833333333333327,0.26666666666666666,0.5666666666666667,0.875,0.5833333333333334,0.8
2024-07-05,0.35,0.26666666666666666,0.5833333333333333,0.8166666666666667,0.5833333333333334,0.9
2024-07-08,0.3916666666666666,0.26666666666666666,0.525,0.775,0.6,0.9416666666666667
2024-07-09,0.44166666666666665,0.2583333333333333,0.5666666666666667,0.625,0.6666666666666667,0.9416666666666667
2024-07-10,0.3833333333333333,0.30000000000000004,0.5833333333333334,0.6,0.6916666666666667,0.9416666666666667
2024-07-11,0.49166666666666664,0.3666666666666667,0.5499999999999999,0.38333333333333336,0.7666666666666667,0.9416666666666667
2024-07-12,0.4583333333333333,0.38333333333333336,0.6166666666666667,0.4166666666666667,0.6833333333333333,0.9416666666666667
2024-07-15,0.3916666666666666,0.42500000000000004,0.6,0.475,0.6666666666666666,0.9416666666666667
2024-07-16,0.3416666666666667,0.4750000000000001,0.6583333333333333,0.475,0.55,1.0
2024-07-17,0.3166666666666667,0.475,0.6416666666666667,0.42500000000000004,0.6416666666666666,1.0
2024-07-18,0.425,0.5333333333333333,0.3833333333333333,0.49999999999999994,0.6666666666666666,0.9916666666666667
2024-07-19,0.4916666666666666,0.4,0.4583333333333333,0.5916666666666666,0.5583333333333333,1.0
2024-07-22,0.5583333333333333,0.35000000000000003,0.44999999999999996,0.6916666666666667,0.45,1.0
2024-07-23,0.49166666666666664,0.3666666666666667,0.4333333333333333,0.7333333333333333,0.47500000000000003,1.0
2024-07-24,0.475,0.2916666666666667,0.49166666666666664,0.7833333333333333,0.4916666666666667,0.9666666666666667
2024-07-25,0.4333333333333333,0.2916666666666667,0.5333333333333333,0.7583333333333333,0.4916666666666667,0.9916666666666667
2024-07-26,0.475,0.24999999999999997,0.5833333333333333,0.775,0.4666666666666667,0.9500000000000001
2024-07-29,0.5166666666666667,0.21666666666666665,0.5333333333333333,0.8333333333333334,0.4,1.0
2024-07-30,0.44999999999999996,0.24999999999999997,0.4916666666666666,0.8333333333333334,0.475,1.0
2024-07-31,0.625,0.2833333333333333,0.3416666666666667,0.7583333333333333,0.4916666666666667,1.0
2024-08-01,0.6416666666666666,0.2583333333333333,0.2833333333333333,0.7416666666666667,0.5916666666666667,0.9833333333333334
2024-08-02,0.5583333333333333,0.22499999999999998,0.27499999999999997,0.7166666666666667,0.7250000000000001,1.0
2024-08-05,0.5833333333333333,0.3333333333333333,0.24999999999999997,0.7416666666666667,0.5916666666666667,1.0
2024-08-06,0.5833333333333333,0.3833333333333333,0.22499999999999998,0.7583333333333333,0.55,1.0
2024-08-07,0.49999999999999994,0.41666666666666663,0.22499999999999998,0.7416666666666667,0.6166666666666667,1.0
2024-08-08,0.48333333333333334,0.6083333333333333,0.22499999999999998,0.8166666666666667,0.5499999999999999,0.8166666666666668
2024-08-09,0.4333333333333333,0.6,0.22499999999999998,0.8416666666666667,0.6,0.8
2024-08-12,0.4333333333333333,0.5916666666666667,0.22499999999999998,0.8,0.6166666666666666,0.8333333333333334
2024-08-13,0.4333333333333333,0.5333333333333333,0.22499999999999998,0.8916666666666667,0.6,0.8166666666666668
2024-08-14,0.5416666666666666,0.525,0.27499999999999997,0.9166666666666666,0.5499999999999999,0.6916666666666667
2024-08-15,0.48333333333333334,0.55,0.26666666666666666,0.8916666666666667,0.5499999999999999,0.7583333333333333
2024-08-16,0.5916666666666667,0.41666666666666663,0.26666666666666666,0.9083333333333333,0.6666666666666666,0.65
2024-08-19,0.5499999999999999,0.55,0.2833333333333333,0.9166666666666666,0.5916666666666667,0.6083333333333334
2024-08-20,0.5750000000000001,0.4583333333333333,0.26666666666666666,0.9083333333333333,0.6416666666666667,0.65
2024-08-21,0.44999999999999996,0.525,0.2833333333333333,0.775,0.8333333333333333,0.6333333333333334
2024-08-22,0.4749999999999999,0.48333333333333334,0.3,0.7500000000000001,0.8333333333333333,0.6583333333333333
2024-08-23,0.5583333333333333,0.4666666666666667,0.325,0.6749999999999999,0.8916666666666666,0.5833333333333334
2024-08-26,0.39999999999999997,0.44999999999999996,0.5583333333333333,0.7583333333333334,0.7749999999999999,0.5583333333333335
2024-08-27,0.5166666666666666,0.4083333333333333,0.5166666666666667,0.675,0.775,0.6083333333333334
2024-08-28,0.6083333333333333,0.2833333333333333,0.5416666666666666,0.5416666666666666,0.8333333333333334,0.6916666666666667
2024-08-29,0.41666666666666663,0.5,0.625,0.45833333333333326,0.8083333333333333,0.6916666666666667
2024-08-30,0.3916666666666666,0.5833333333333334,0.5916666666666667,0.5583333333333333,0.6583333333333332,0.7166666666666667
2024-09-02,0.5,0.4333333333333333,0.6166666666666666,0.6666666666666666,0.5083333333333333,0.775
2024-09-03,0.4666666666666666,0.6,0.5666666666666667,0.65,0.48333333333333334,0.7333333333333333
2024-09-04,0.6166666666666667,0.5166666666666666,0.5916666666666667,0.6,0.39999999999999997,0.775
2024-09-05,0.5833333333333334,0.4916666666666666,0.6166666666666666,0.5666666666666668,0.4666666666666666,0.775
2024-09-06,0.525,0.5166666666666666,0.7833333333333333,0.5,0.3833333333333333,0.7916666666666667
2024-09-09,0.4666666666666666,0.5583333333333333,0.7333333333333334,0.41666666666666674,0.44999999999999996,0.875
2024-09-10,0.425,0.5166666666666666,0.825,0.4000000000000001,0.40833333333333327,0.925
2024-09-11,0.6,0.5166666666666666,0.7916666666666666,0.22499999999999998,0.40833333333333327,0.9583333333333334
2024-09-12,0.6416666666666667,0.65,0.7083333333333333,0.16666666666666666,0.3333333333333333,1.0
2024-09-13,0.7,0.675,0.6416666666666666,0.22499999999999998,0.27499999999999997,0.9833333333333334
2024-09-16,0.8,0.5,0.7083333333333333,0.22499999999999998,0.27499999999999997,0.9916666666666667
2024-09-17,0.8083333333333333,0.5833333333333334,0.5666666666666667,0.2833333333333333,0.27499999999999997,0.9833333333333334
2024-09-18,0.7916666666666667,0.5833333333333334,0.6249999999999999,0.22499999999999998,0.27499999999999997,1.0
2024-09-19,0.6333333333333333,0.5416666666666666,0.825,0.22499999999999998,0.29166666666666663,0.9833333333333334
2024-09-20,0.7916666666666667,0.4083333333333333,0.7083333333333333,0.175,0.41666666666666663,1.0
2024-09-23,0.4583333333333333,0.625,0.7583333333333333,0.16666666666666666,0.5083333333333333,0.9833333333333334
2024-09-24,0.4583333333333333,0.6666666666666666,0.7166666666666667,0.16666666666666666,0.4916666666666666,1.0
2024-09-25,0.475,0.775,0.3416666666666666,0.18333333333333332,0.7416666666666666,0.9833333333333334
2024-09-26,0.5,0.8833333333333334,0.2583333333333333,0.24166666666666664,0.7833333333333332,0.8333333333333333
2024-09-27,0.5499999999999999,0.9416666666666667,0.2583333333333333,0.35833333333333334,0.7,0.6916666666666667
2024-09-30,0.5,0.8916666666666667,0.2333333333333333,0.5083333333333333,0.7166666666666666,0.65
2024-10-01,0.4583333333333333,0.8833333333333334,0.24999999999999997,0.55,0.7333333333333333,0.625
2024-10-02,0.5416666666666666,0.9,0.2333333333333333,0.525,0.6083333333333333,0.6916666666666667
2024-10-03,0.48333333333333334,0.8833333333333334,0.19166666666666665,0.525,0.7083333333333333,0.7083333333333334
2024-10-04,0.6083333333333334,0.8916666666666667,0.19166666666666665,0.5083333333333333,0.525,0.775
2024-10-07,0.7,0.8916666666666667,0.19166666666666665,0.49166666666666664,0.525,0.7
2024-10-08,0.6916666666666667,0.8833333333333334,0.16666666666666666,0.6333333333333334,0.44166666666666665,0.6833333333333333
2024-10-09,0.6749999999999999,0.8916666666666667,0.19166666666666665,0.49166666666666664,0.525,0.725
2024-10-10,0.7083333333333333,0.8833333333333334,0.16666666666666666,0.5166666666666666,0.5833333333333333,0.6416666666666666
2024-10-11,0.8583333333333333,0.7583333333333333,0.16666666666666666,0.5499999999999999,0.5,0.6666666666666666
2024-10-14,0.8,0.725,0.16666666666666666,0.5333333333333333,0.6166666666666666,0.6583333333333333
2024-10-15,0.9,0.6333333333333333,0.19166666666666665,0.475,0.7083333333333333,0.5916666666666667
2024-10-16,0.9166666666666666,0.6083333333333334,0.24999999999999997,0.4583333333333333,0.7166666666666667,0.55
2024-10-17,0.875,0.4916666666666666,0.35,0.39166666666666666,0.9166666666666666,0.475
2024-10-18,0.9083333333333333,0.4916666666666666,0.3333333333333333,0.39166666666666666,0.8833333333333334,0.49166666666666664
2024-10-21,0.9583333333333334,0.625,0.3666666666666667,0.3666666666666667,0.7999999999999999,0.38333333333333336
2024-10-22,0.9583333333333334,0.65,0.41666666666666663,0.3166666666666667,0.7916666666666666,0.3666666666666667
2024-10-23,0.9583333333333334,0.675,0.4666666666666667,0.24999999999999997,0.7499999999999999,0.4
2024-10-24,0.8666666666666667,0.825,0.575,0.20833333333333331,0.65,0.375
2024-10-25,0.9,0.7916666666666666,0.6,0.21666666666666665,0.65,0.3416666666666667
2024-10-28,0.775,0.9500000000000001,0.5833333333333333,0.20833333333333331,0.6083333333333334,0.375
2024-10-29,0.775,1.0,0.5333333333333333,0.24999999999999997,0.5499999999999999,0.39166666666666666
2024-10-30,0.775,1.0,0.5583333333333333,0.3333333333333333,0.5499999999999999,0.2833333333333333
2024-10-31,0.7333333333333334,0.9833333333333334,0.6,0.37499999999999994,0.5083333333333333,0.3
2024-11-01,0.6916666666666667,0.9166666666666667,0.8333333333333333,0.41666666666666663,0.375,0.26666666666666666
2024-11-04,0.7750000000000001,0.85,0.8333333333333333,0.2916666666666667,0.44166666666666665,0.3083333333333333
2024-11-05,0.8333333333333334,0.7916666666666666,0.8333333333333333,0.2916666666666667,0.41666666666666663,0.3333333333333333
2024-11-06,0.9166666666666666,0.8166666666666667,0.7666666666666666,0.24999999999999997,0.41666666666666663,0.3333333333333333
2024-11-07,0.9416666666666668,0.7333333333333334,0.8083333333333332,0.20833333333333331,0.375,0.4333333333333333
2024-11-08,0.8333333333333334,0.8333333333333334,0.7499999999999999,0.22499999999999998,0.35833333333333334,0.5
2024-11-11,0.8333333333333334,0.7500000000000001,0.7166666666666666,0.36666666666666664,0.3333333333333333,0.5
2024-11-12,0.8166666666666668,0.7333333333333334,0.6666666666666666,0.30833333333333335,0.3333333333333333,0.6416666666666666
2024-11-13,0.7833333333333333,0.675,0.4749999999999999,0.4,0.3833333333333333,0.7833333333333332
2024-11-14,0.8,0.5666666666666668,0.5916666666666667,0.33333333333333337,0.44999999999999996,0.7583333333333333
2024-11-15,0.875,0.5916666666666667,0.7333333333333333,0.20833333333333331,0.5166666666666666,0.5750000000000001
2024-11-18,0.8583333333333334,0.6333333333333333,0.7666666666666666,0.16666666666666666,0.49999999999999994,0.5750000000000001
2024-11-19,0.8583333333333334,0.6583333333333333,0.6166666666666666,0.16666666666666666,0.625,0.5750000000000001
2024-11-20,0.9,0.65,0.4583333333333333,0.16666666666666666,0.6499999999999999,0.675
2024-11-21,0.9,0.6666666666666666,0.39166666666666666,0.175,0.75,0.6166666666666667
2024-11-22,0.9166666666666666,0.7500000000000001,0.41666666666666663,0.16666666666666666,0.6083333333333333,0.6416666666666667
2024-11-25,0.9833333333333334,0.7666666666666667,0.5249999999999999,0.175,0.5,0.55
2024-11-26,0.9166666666666667,0.8333333333333333,0.4833333333333333,0.175,0.36666666666666664,0.7249999999999999
2024-11-27,0.8833333333333333,0.8666666666666667,0.5249999999999999,0.16666666666666666,0.37499999999999994,0.6833333333333333
2024-11-28,0.875,0.875,0.40833333333333327,0.16666666666666666,0.44999999999999996,0.7249999999999999
2024-11-29,0.9,0.7916666666666666,0.39999999999999997,0.18333333333333332,0.41666666666666663,0.8083333333333332
2024-12-02,0.9416666666666668,0.75,0.32499999999999996,0.2833333333333333,0.3916666666666666,0.8083333333333332
2024-12-03,0.9416666666666668,0.775,0.27499999999999997,0.26666666666666666,0.4583333333333333,0.7833333333333332
2024-12-04,0.875,0.675,0.27499999999999997,0.35000000000000003,0.6166666666666666,0.7083333333333333
2024-12-05,0.7583333333333334,0.725,0.37499999999999994,0.33333333333333337,0.4749999999999999,0.8333333333333333
2024-12-06,0.7916666666666667,0.5833333333333334,0.4583333333333333,0.33333333333333337,0.4749999999999999,0.8583333333333333
2024-12-09,0.7166666666666667,0.75,0.4583333333333333,0.33333333333333337,0.4749999999999999,0.7666666666666666
2024-12-10,0.7833333333333334,0.6666666666666667,0.5750000000000001,0.2916666666666667,0.4333333333333333,0.7499999999999999
2024-12-11,0.8333333333333334,0.6416666666666666,0.7583333333333333,0.30833333333333335,0.39166666666666666,0.5666666666666667
2024-12-12,0.5166666666666667,0.6416666666666667,0.6583333333333333,0.30833333333333335,0.5499999999999999,0.825
2024-12-13,0.4833333333333334,0.8250000000000001,0.55,0.2583333333333333,0.6416666666666667,0.7416666666666667
2024-12-16,0.45,0.8250000000000001,0.55,0.26666666666666666,0.6916666666666665,0.7166666666666666
2024-12-17,0.45,0.7583333333333334,0.6833333333333333,0.26666666666666666,0.6499999999999999,0.6916666666666665
2024-12-18,0.45,0.6583333333333333,0.5333333333333333,0.35000000000000003,0.6999999999999998,0.8083333333333333
2024-12-19,0.5083333333333333,0.5583333333333333,0.6,0.4083333333333333,0.7499999999999999,0.6749999999999999
2024-12-20,0.42500000000000004,0.6166666666666666,0.5583333333333333,0.4916666666666667,0.625,0.7833333333333333
2024-12-23,0.5083333333333334,0.625,0.7999999999999999,0.475,0.37499999999999994,0.7166666666666667
2024-12-24,0.48333333333333334,0.6333333333333333,0.8416666666666667,0.4666666666666667,0.5416666666666666,0.5333333333333333
2024-12-25,0.5666666666666667,0.5,0.8250000000000001,0.5333333333333333,0.41666666666666663,0.6583333333333333
2024-12-26,0.6166666666666666,0.42500000000000004,0.7,0.45,0.5333333333333333,0.775
2024-12-27,0.5916666666666666,0.42500000000000004,0.675,0.4583333333333333,0.525,0.8250000000000001
2024-12-30,0.5666666666666667,0.44166666666666665,0.7916666666666667,0.3666666666666667,0.525,0.8083333333333333
2024-12-31,0.6583333333333333,0.47500000000000003,0.6083333333333334,0.35000000000000003,0.6166666666666667,0.7916666666666666
